ministry_a,ministry_b,shared_mps
HEALTH AND FAMILY WELFARE,RAILWAYS,558
AGRICULTURE AND FARMERS WELFARE,HEALTH AND FAMILY WELFARE,556
EDUCATION,HEALTH AND FAMILY WELFARE,553
EDUCATION,RAILWAYS,540
AGRICULTURE AND FARMERS WELFARE,RAILWAYS,539
HEALTH AND FAMILY WELFARE,ROAD TRANSPORT AND HIGHWAYS,534
HEALTH AND FAMILY WELFARE,JAL SHAKTI,528
AGRICULTURE AND FARMERS WELFARE,EDUCATION,527
RAILWAYS,ROAD TRANSPORT AND HIGHWAYS,519
AGRICULTURE AND FARMERS WELFARE,JAL SHAKTI,517
CIVIL AVIATION,HEALTH AND FAMILY WELFARE,516
JAL SHAKTI,RAILWAYS,515
AGRICULTURE AND FARMERS WELFARE,ROAD TRANSPORT AND HIGHWAYS,512
EDUCATION,ROAD TRANSPORT AND HIGHWAYS,512
EDUCATION,JAL SHAKTI,508
CIVIL AVIATION,RAILWAYS,501
"ENVIRONMENT, FOREST AND CLIMATE CHANGE",HEALTH AND FAMILY WELFARE,496
CIVIL AVIATION,EDUCATION,495
HEALTH AND FAMILY WELFARE,HOUSING AND URBAN AFFAIRS,495
AGRICULTURE AND FARMERS WELFARE,CIVIL AVIATION,494
FINANCE,HEALTH AND FAMILY WELFARE,494
JAL SHAKTI,ROAD TRANSPORT AND HIGHWAYS,486
FINANCE,RAILWAYS,484
"ENVIRONMENT, FOREST AND CLIMATE CHANGE",RAILWAYS,483
AGRICULTURE AND FARMERS WELFARE,FINANCE,481
HEALTH AND FAMILY WELFARE,RURAL DEVELOPMENT,479
AGRICULTURE AND FARMERS WELFARE,"ENVIRONMENT, FOREST AND CLIMATE CHANGE",477
EDUCATION,FINANCE,476
AGRICULTURE AND FARMERS WELFARE,HOUSING AND URBAN AFFAIRS,476
HEALTH AND FAMILY WELFARE,LABOUR AND EMPLOYMENT,475
EDUCATION,"ENVIRONMENT, FOREST AND CLIMATE CHANGE",472
EDUCATION,HOUSING AND URBAN AFFAIRS,472
HOUSING AND URBAN AFFAIRS,RAILWAYS,469
CIVIL AVIATION,ROAD TRANSPORT AND HIGHWAYS,468
"CONSUMER AFFAIRS, FOOD AND PUBLIC DISTRIBUTION",HEALTH AND FAMILY WELFARE,468
AGRICULTURE AND FARMERS WELFARE,RURAL DEVELOPMENT,467
CIVIL AVIATION,JAL SHAKTI,467
LABOUR AND EMPLOYMENT,RAILWAYS,466
RAILWAYS,RURAL DEVELOPMENT,464
AGRICULTURE AND FARMERS WELFARE,LABOUR AND EMPLOYMENT,462
FINANCE,ROAD TRANSPORT AND HIGHWAYS,461
HEALTH AND FAMILY WELFARE,WOMEN AND CHILD DEVELOPMENT,460
"CONSUMER AFFAIRS, FOOD AND PUBLIC DISTRIBUTION",RAILWAYS,459
"ENVIRONMENT, FOREST AND CLIMATE CHANGE",ROAD TRANSPORT AND HIGHWAYS,459
FINANCE,JAL SHAKTI,458
EDUCATION,RURAL DEVELOPMENT,457
AGRICULTURE AND FARMERS WELFARE,"CONSUMER AFFAIRS, FOOD AND PUBLIC DISTRIBUTION",456
EDUCATION,LABOUR AND EMPLOYMENT,455
"ENVIRONMENT, FOREST AND CLIMATE CHANGE",JAL SHAKTI,454
RAILWAYS,WOMEN AND CHILD DEVELOPMENT,454
CHEMICALS AND FERTILIZERS,HEALTH AND FAMILY WELFARE,453
COMMERCE AND INDUSTRY,HEALTH AND FAMILY WELFARE,453
HOUSING AND URBAN AFFAIRS,JAL SHAKTI,453
HOUSING AND URBAN AFFAIRS,ROAD TRANSPORT AND HIGHWAYS,451
"CONSUMER AFFAIRS, FOOD AND PUBLIC DISTRIBUTION",EDUCATION,450
CIVIL AVIATION,FINANCE,449
AGRICULTURE AND FARMERS WELFARE,WOMEN AND CHILD DEVELOPMENT,448
JAL SHAKTI,RURAL DEVELOPMENT,445
EDUCATION,WOMEN AND CHILD DEVELOPMENT,444
LABOUR AND EMPLOYMENT,ROAD TRANSPORT AND HIGHWAYS,443
ROAD TRANSPORT AND HIGHWAYS,RURAL DEVELOPMENT,443
HEALTH AND FAMILY WELFARE,TOURISM,441
COMMERCE AND INDUSTRY,RAILWAYS,440
AGRICULTURE AND FARMERS WELFARE,COMMERCE AND INDUSTRY,439
CIVIL AVIATION,"ENVIRONMENT, FOREST AND CLIMATE CHANGE",439
CIVIL AVIATION,HOUSING AND URBAN AFFAIRS,439
RAILWAYS,TOURISM,438
FINANCE,HOUSING AND URBAN AFFAIRS,438
JAL SHAKTI,LABOUR AND EMPLOYMENT,437
AGRICULTURE AND FARMERS WELFARE,CHEMICALS AND FERTILIZERS,435
"CONSUMER AFFAIRS, FOOD AND PUBLIC DISTRIBUTION",JAL SHAKTI,434
CHEMICALS AND FERTILIZERS,EDUCATION,433
CHEMICALS AND FERTILIZERS,RAILWAYS,432
"CONSUMER AFFAIRS, FOOD AND PUBLIC DISTRIBUTION",ROAD TRANSPORT AND HIGHWAYS,432
CIVIL AVIATION,LABOUR AND EMPLOYMENT,430
COMMERCE AND INDUSTRY,EDUCATION,430
"ENVIRONMENT, FOREST AND CLIMATE CHANGE",FINANCE,430
ROAD TRANSPORT AND HIGHWAYS,WOMEN AND CHILD DEVELOPMENT,430
HEALTH AND FAMILY WELFARE,"MICRO, SMALL AND MEDIUM ENTERPRISES",427
CIVIL AVIATION,"CONSUMER AFFAIRS, FOOD AND PUBLIC DISTRIBUTION",426
CIVIL AVIATION,RURAL DEVELOPMENT,426
JAL SHAKTI,WOMEN AND CHILD DEVELOPMENT,426
AGRICULTURE AND FARMERS WELFARE,TOURISM,425
EDUCATION,TOURISM,425
"ENVIRONMENT, FOREST AND CLIMATE CHANGE",HOUSING AND URBAN AFFAIRS,424
COMMERCE AND INDUSTRY,ROAD TRANSPORT AND HIGHWAYS,423
CHEMICALS AND FERTILIZERS,JAL SHAKTI,421
CHEMICALS AND FERTILIZERS,ROAD TRANSPORT AND HIGHWAYS,420
HEALTH AND FAMILY WELFARE,PETROLEUM AND NATURAL GAS,420
COMMERCE AND INDUSTRY,JAL SHAKTI,419
"CONSUMER AFFAIRS, FOOD AND PUBLIC DISTRIBUTION",FINANCE,419
"ENVIRONMENT, FOREST AND CLIMATE CHANGE",RURAL DEVELOPMENT,419
COMMUNICATIONS,HEALTH AND FAMILY WELFARE,418
CIVIL AVIATION,COMMERCE AND INDUSTRY,417
FINANCE,RURAL DEVELOPMENT,416
FINANCE,LABOUR AND EMPLOYMENT,414
"MICRO, SMALL AND MEDIUM ENTERPRISES",RAILWAYS,414
ROAD TRANSPORT AND HIGHWAYS,TOURISM,414
AGRICULTURE AND FARMERS WELFARE,"MICRO, SMALL AND MEDIUM ENTERPRISES",413
AGRICULTURE AND FARMERS WELFARE,COMMUNICATIONS,411
HEALTH AND FAMILY WELFARE,SOCIAL JUSTICE AND EMPOWERMENT,411
"CONSUMER AFFAIRS, FOOD AND PUBLIC DISTRIBUTION","ENVIRONMENT, FOREST AND CLIMATE CHANGE",410
EDUCATION,"MICRO, SMALL AND MEDIUM ENTERPRISES",410
HOUSING AND URBAN AFFAIRS,RURAL DEVELOPMENT,410
CULTURE,HEALTH AND FAMILY WELFARE,409
"ENVIRONMENT, FOREST AND CLIMATE CHANGE",LABOUR AND EMPLOYMENT,409
CIVIL AVIATION,WOMEN AND CHILD DEVELOPMENT,408
COMMUNICATIONS,EDUCATION,408
HEALTH AND FAMILY WELFARE,NEW AND RENEWABLE ENERGY,408
PETROLEUM AND NATURAL GAS,RAILWAYS,408
COMMUNICATIONS,RAILWAYS,407
HEALTH AND FAMILY WELFARE,YOUTH AFFAIRS AND SPORTS,407
AYUSH,HEALTH AND FAMILY WELFARE,406
CHEMICALS AND FERTILIZERS,CIVIL AVIATION,406
COMMERCE AND INDUSTRY,FINANCE,406
JAL SHAKTI,TOURISM,406
CIVIL AVIATION,TOURISM,405
HOUSING AND URBAN AFFAIRS,LABOUR AND EMPLOYMENT,405
AGRICULTURE AND FARMERS WELFARE,PETROLEUM AND NATURAL GAS,403
AGRICULTURE AND FARMERS WELFARE,YOUTH AFFAIRS AND SPORTS,403
COMMERCE AND INDUSTRY,"ENVIRONMENT, FOREST AND CLIMATE CHANGE",403
ELECTRONICS AND INFORMATION TECHNOLOGY,HEALTH AND FAMILY WELFARE,403
EDUCATION,PETROLEUM AND NATURAL GAS,402
"CONSUMER AFFAIRS, FOOD AND PUBLIC DISTRIBUTION",RURAL DEVELOPMENT,401
LABOUR AND EMPLOYMENT,RURAL DEVELOPMENT,401
"CONSUMER AFFAIRS, FOOD AND PUBLIC DISTRIBUTION",HOUSING AND URBAN AFFAIRS,401
FINANCE,WOMEN AND CHILD DEVELOPMENT,400
RAILWAYS,YOUTH AFFAIRS AND SPORTS,400
CULTURE,EDUCATION,399
HEALTH AND FAMILY WELFARE,SKILL DEVELOPMENT AND ENTREPRENEURSHIP,398
JAL SHAKTI,"MICRO, SMALL AND MEDIUM ENTERPRISES",398
RAILWAYS,SOCIAL JUSTICE AND EMPOWERMENT,398
AGRICULTURE AND FARMERS WELFARE,CULTURE,397
LABOUR AND EMPLOYMENT,WOMEN AND CHILD DEVELOPMENT,397
AGRICULTURE AND FARMERS WELFARE,NEW AND RENEWABLE ENERGY,396
AGRICULTURE AND FARMERS WELFARE,SOCIAL JUSTICE AND EMPOWERMENT,396
EDUCATION,YOUTH AFFAIRS AND SPORTS,396
RURAL DEVELOPMENT,WOMEN AND CHILD DEVELOPMENT,396
AYUSH,RAILWAYS,395
CHEMICALS AND FERTILIZERS,"ENVIRONMENT, FOREST AND CLIMATE CHANGE",395
CULTURE,RAILWAYS,395
"ENVIRONMENT, FOREST AND CLIMATE CHANGE",WOMEN AND CHILD DEVELOPMENT,395
COMMERCE AND INDUSTRY,HOUSING AND URBAN AFFAIRS,395
AGRICULTURE AND FARMERS WELFARE,AYUSH,394
COMMUNICATIONS,ROAD TRANSPORT AND HIGHWAYS,394
"FISHERIES, ANIMAL HUSBANDRY AND DAIRYING",HEALTH AND FAMILY WELFARE,394
CHEMICALS AND FERTILIZERS,FINANCE,393
"CONSUMER AFFAIRS, FOOD AND PUBLIC DISTRIBUTION",WOMEN AND CHILD DEVELOPMENT,393
"ENVIRONMENT, FOREST AND CLIMATE CHANGE",TOURISM,393
NEW AND RENEWABLE ENERGY,RAILWAYS,393
RAILWAYS,SKILL DEVELOPMENT AND ENTREPRENEURSHIP,393
CHEMICALS AND FERTILIZERS,HOUSING AND URBAN AFFAIRS,393
AGRICULTURE AND FARMERS WELFARE,SKILL DEVELOPMENT AND ENTREPRENEURSHIP,392
ELECTRONICS AND INFORMATION TECHNOLOGY,RAILWAYS,392
HOUSING AND URBAN AFFAIRS,WOMEN AND CHILD DEVELOPMENT,392
EDUCATION,SOCIAL JUSTICE AND EMPOWERMENT,391
"MICRO, SMALL AND MEDIUM ENTERPRISES",ROAD TRANSPORT AND HIGHWAYS,391
COMMERCE AND INDUSTRY,LABOUR AND EMPLOYMENT,390
COMMUNICATIONS,JAL SHAKTI,390
HEALTH AND FAMILY WELFARE,POWER,389
JAL SHAKTI,PETROLEUM AND NATURAL GAS,389
EDUCATION,ELECTRONICS AND INFORMATION TECHNOLOGY,388
EDUCATION,NEW AND RENEWABLE ENERGY,388
"CONSUMER AFFAIRS, FOOD AND PUBLIC DISTRIBUTION",LABOUR AND EMPLOYMENT,387
CHEMICALS AND FERTILIZERS,"CONSUMER AFFAIRS, FOOD AND PUBLIC DISTRIBUTION",386
AGRICULTURE AND FARMERS WELFARE,POWER,385
HOUSING AND URBAN AFFAIRS,TOURISM,385
CIVIL AVIATION,COMMUNICATIONS,384
JAL SHAKTI,SOCIAL JUSTICE AND EMPOWERMENT,384
AGRICULTURE AND FARMERS WELFARE,ELECTRONICS AND INFORMATION TECHNOLOGY,383
CIVIL AVIATION,"MICRO, SMALL AND MEDIUM ENTERPRISES",383
FINANCE,TOURISM,383
"FISHERIES, ANIMAL HUSBANDRY AND DAIRYING",RAILWAYS,383
AYUSH,EDUCATION,382
ROAD TRANSPORT AND HIGHWAYS,YOUTH AFFAIRS AND SPORTS,382
CHEMICALS AND FERTILIZERS,RURAL DEVELOPMENT,381
COMMUNICATIONS,FINANCE,381
CULTURE,JAL SHAKTI,381
CULTURE,ROAD TRANSPORT AND HIGHWAYS,381
POWER,RAILWAYS,381
EDUCATION,"FISHERIES, ANIMAL HUSBANDRY AND DAIRYING",381
CHEMICALS AND FERTILIZERS,LABOUR AND EMPLOYMENT,380
COMMERCE AND INDUSTRY,"CONSUMER AFFAIRS, FOOD AND PUBLIC DISTRIBUTION",380
EDUCATION,SKILL DEVELOPMENT AND ENTREPRENEURSHIP,380
HEALTH AND FAMILY WELFARE,HOME AFFAIRS,380
JAL SHAKTI,YOUTH AFFAIRS AND SPORTS,380
RURAL DEVELOPMENT,TOURISM,380
AGRICULTURE AND FARMERS WELFARE,"FISHERIES, ANIMAL HUSBANDRY AND DAIRYING",380
CIVIL AVIATION,PETROLEUM AND NATURAL GAS,379
ROAD TRANSPORT AND HIGHWAYS,SOCIAL JUSTICE AND EMPOWERMENT,379
HOUSING AND URBAN AFFAIRS,"MICRO, SMALL AND MEDIUM ENTERPRISES",379
COMMERCE AND INDUSTRY,RURAL DEVELOPMENT,378
PETROLEUM AND NATURAL GAS,ROAD TRANSPORT AND HIGHWAYS,378
AYUSH,CIVIL AVIATION,377
EDUCATION,POWER,377
NEW AND RENEWABLE ENERGY,ROAD TRANSPORT AND HIGHWAYS,377
CIVIL AVIATION,CULTURE,375
AYUSH,JAL SHAKTI,374
"CONSUMER AFFAIRS, FOOD AND PUBLIC DISTRIBUTION",PETROLEUM AND NATURAL GAS,374
"CONSUMER AFFAIRS, FOOD AND PUBLIC DISTRIBUTION",TOURISM,374
