party,ministry,questions,ministry_total,party_total,lift
BRS,PRIME MINISTER,1,1,296,200.611
MNF,DEVELOPMENT OF NORTH EASTERN REGION,1,176,8,42.174
TMC(M),INFORMATION AND BROADCASTING,1,465,4,31.925
UPPL,DEVELOPMENT OF NORTH EASTERN REGION,8,176,119,22.682
MNM,PLANNING,1,235,12,21.057
MNM,SPACE,1,238,12,20.792
ZPM,PLANNING,1,235,16,15.793
TMC(M),ELECTRONICS AND INFORMATION TECHNOLOGY,1,971,4,15.289
TMC(M),EXTERNAL AFFAIRS,1,1026,4,14.469
ASP (KR),"PERSONNEL, PUBLIC GRIEVANCES AND PENSIONS",6,305,85,13.743
MNM,HEAVY INDUSTRIES,1,406,12,12.188
MNM,ATOMIC ENERGY,1,437,12,11.324
AGP,DEVELOPMENT OF NORTH EASTERN REGION,2,176,61,11.062
J&KNC,DEFENCE,3,186,89,10.761
TMC(M),"ENVIRONMENT, FOREST AND CLIMATE CHANGE",1,1809,4,8.206
ZPM,RURAL DEVELOPMENT,3,1389,16,8.016
AIMIM,PARLIAMENTARY AFFAIRS,1,67,114,7.774
SKM,DEVELOPMENT OF NORTH EASTERN REGION,1,176,44,7.668
RLD,PARLIAMENTARY AFFAIRS,1,67,117,7.575
BAP,TRIBAL AFFAIRS,14,796,138,7.568
MNF,EXTERNAL AFFAIRS,1,1026,8,7.235
AJSU,COAL,5,661,63,7.13
Unknown,DEVELOPMENT OF NORTH EASTERN REGION,3,176,142,7.128
JD(S),COMMUNICATIONS,4,1120,30,7.069
PMK,EXTERNAL AFFAIRS,4,1026,33,7.015
MDMK,HEAVY INDUSTRIES,7,406,150,6.825
MNM,CORPORATE AFFAIRS,1,737,12,6.714
MNF,PETROLEUM AND NATURAL GAS,1,1138,8,6.523
MNM,"PORTS, SHIPPING AND WATERWAYS",1,769,12,6.435
J&KNC,POWER,8,830,89,6.431
SKM,EARTH SCIENCES,2,425,44,6.351
KC(M),EARTH SCIENCES,6,425,135,6.21
MNM,POWER,1,830,12,5.962
KEC,COMMERCE AND INDUSTRY,7,1356,53,5.784
RLP,MINES,6,429,145,5.728
NOM.,CULTURE,29,1069,285,5.652
MNM,SKILL DEVELOPMENT AND ENTREPRENEURSHIP,1,882,12,5.61
ZPM,"CONSUMER AFFAIRS, FOOD AND PUBLIC DISTRIBUTION",2,1332,16,5.573
MNF,COMMERCE AND INDUSTRY,1,1356,8,5.474
PMK,COAL,2,661,33,5.445
RLM,STATISTICS AND PROGRAMME IMPLEMENTATION,1,314,35,5.403
DMDK,WOMEN AND CHILD DEVELOPMENT,3,1271,26,5.391
PMK,STEEL,1,334,33,5.387
JD(S),AYUSH,3,1138,30,5.218
KEC,SCIENCE AND TECHNOLOGY,2,430,53,5.211
AGP,ELECTRONICS AND INFORMATION TECHNOLOGY,5,971,61,5.013
AIMIM,STATISTICS AND PROGRAMME IMPLEMENTATION,3,314,114,4.977
RLM,YOUTH AFFAIRS AND SPORTS,3,1024,35,4.971
ZPM,FINANCE,3,2253,16,4.942
MNM,ROAD TRANSPORT AND HIGHWAYS,2,2061,12,4.802
AJSU,TRIBAL AFFAIRS,4,796,63,4.736
JMM,TRIBAL AFFAIRS,12,796,192,4.662
ZPM,TRIBAL AFFAIRS,1,796,16,4.662
JMM,STEEL,5,334,192,4.63
LJSP(RV),DEFENCE,4,186,276,4.627
BAP,DEFENCE,2,186,138,4.627
JD(S),MINES,1,429,30,4.614
SAD,"CONSUMER AFFAIRS, FOOD AND PUBLIC DISTRIBUTION",9,1332,87,4.612
Unknown,DEFENCE,2,186,142,4.497
ZPM,POWER,1,830,16,4.471
AJSU,MINES,2,429,63,4.394
PMK,CHEMICALS AND FERTILIZERS,3,1235,33,4.371
KC(M),EXTERNAL AFFAIRS,10,1026,135,4.287
JD(S),RURAL DEVELOPMENT,3,1389,30,4.275
J&KNC,ROAD TRANSPORT AND HIGHWAYS,13,2061,89,4.208
VCK,PARLIAMENTARY AFFAIRS,1,67,215,4.122
MNF,HOUSING AND URBAN AFFAIRS,1,1823,8,4.072
AGP,RAILWAYS,12,2900,61,4.028
UPPL,NEW AND RENEWABLE ENERGY,8,995,119,4.012
AJSU,PLANNING,1,235,63,4.011
RLM,EARTH SCIENCES,1,425,35,3.992
SAD,EXTERNAL AFFAIRS,6,1026,87,3.991
PMK,"ENVIRONMENT, FOREST AND CLIMATE CHANGE",4,1809,33,3.979
AIMIM,MINORITY AFFAIRS,4,535,114,3.894
ASP (KR),LAW AND JUSTICE,5,911,85,3.834
J&KNC,SOCIAL JUSTICE AND EMPOWERMENT,6,1048,89,3.82
DMDK,"ENVIRONMENT, FOREST AND CLIMATE CHANGE",3,1809,26,3.788
JD(S),LABOUR AND EMPLOYMENT,3,1570,30,3.782
SKM,TOURISM,3,1076,44,3.763
CPI,PLANNING,6,235,412,3.68
AGP,TRIBAL AFFAIRS,3,796,61,3.669
AGP,COMMERCE AND INDUSTRY,5,1356,61,3.589
AJSU,MINORITY AFFAIRS,2,535,63,3.524
MNF,CIVIL AVIATION,1,2129,8,3.486
VCK,SPACE,3,238,215,3.481
AIMIM,HOME AFFAIRS,7,1051,114,3.469
JD(S),PANCHAYATI RAJ,1,573,30,3.454
DMDK,JAL SHAKTI,3,1997,26,3.431
IUML,MINORITY AFFAIRS,21,535,682,3.418
SAD,JAL SHAKTI,10,1997,87,3.418
AJSU,POWER,3,830,63,3.407
SKM,TRIBAL AFFAIRS,2,796,44,3.391
PMK,CULTURE,2,1069,33,3.367
NOM.,DEFENCE,3,186,285,3.361
ASP (KR),SOCIAL JUSTICE AND EMPOWERMENT,5,1048,85,3.333
RLD,CULTURE,7,1069,117,3.323
ZPM,COMMUNICATIONS,1,1120,16,3.314
ZPM,PETROLEUM AND NATURAL GAS,1,1138,16,3.261
RLM,MINORITY AFFAIRS,1,535,35,3.171
JSP,EARTH SCIENCES,5,425,222,3.147
SKM,SCIENCE AND TECHNOLOGY,1,430,44,3.139
RLD,AYUSH,7,1138,117,3.122
RLM,EDUCATION,5,2802,35,3.027
JSP,TRIBAL AFFAIRS,9,796,222,3.024
KC(M),"FISHERIES, ANIMAL HUSBANDRY AND DAIRYING",7,1021,135,3.016
KEC,FINANCE,6,2253,53,2.984
RLM,AYUSH,2,1138,35,2.982
MDMK,CULTURE,8,1069,150,2.963
KC(M),HOME AFFAIRS,7,1051,135,2.93
Unknown,MINES,3,429,142,2.924
RJD,"PERSONNEL, PUBLIC GRIEVANCES AND PENSIONS",8,305,537,2.9
CPI(ML)(L),STATISTICS AND PROGRAMME IMPLEMENTATION,3,314,200,2.837
BAP,LAW AND JUSTICE,6,911,138,2.834
BAP,"PERSONNEL, PUBLIC GRIEVANCES AND PENSIONS",2,305,138,2.822
AJSU,STEEL,1,334,63,2.822
BJD,AYUSH,55,1138,1019,2.816
RSP,LABOUR AND EMPLOYMENT,8,1570,108,2.802
AIMIM,DEFENCE,1,186,114,2.8
Unknown,SOCIAL JUSTICE AND EMPOWERMENT,7,1048,142,2.793
YSRCP,ATOMIC ENERGY,26,437,1271,2.78
SKM,ELECTRONICS AND INFORMATION TECHNOLOGY,2,971,44,2.78
CPI(ML)(L),MINORITY AFFAIRS,5,535,200,2.775
AJSU,YOUTH AFFAIRS AND SPORTS,3,1024,63,2.761
CPI,STATISTICS AND PROGRAMME IMPLEMENTATION,6,314,412,2.754
MDMK,RAILWAYS,20,2900,150,2.73
CPI(M),MINORITY AFFAIRS,27,535,1102,2.719
Unknown,FOOD PROCESSING INDUSTRIES,5,770,142,2.715
AGP,TOURISM,3,1076,61,2.714
PMK,JAL SHAKTI,3,1997,33,2.703
RSP,"FISHERIES, ANIMAL HUSBANDRY AND DAIRYING",5,1021,108,2.693
JD(S),CORPORATE AFFAIRS,1,737,30,2.686
RLM,WOMEN AND CHILD DEVELOPMENT,2,1271,35,2.67
RSP,ROAD TRANSPORT AND HIGHWAYS,10,2061,108,2.668
RLD,PANCHAYATI RAJ,3,573,117,2.657
MNF,EDUCATION,1,2802,8,2.649
VCK,STATISTICS AND PROGRAMME IMPLEMENTATION,3,314,215,2.639
SKM,YOUTH AFFAIRS AND SPORTS,2,1024,44,2.636
NCP,NEW AND RENEWABLE ENERGY,9,995,205,2.62
ASP (KR),MINORITY AFFAIRS,2,535,85,2.612
RLP,STATISTICS AND PROGRAMME IMPLEMENTATION,2,314,145,2.608
J&KNC,EXTERNAL AFFAIRS,4,1026,89,2.601
TDP,"PORTS, SHIPPING AND WATERWAYS",73,769,2178,2.588
JD(S),FOOD PROCESSING INDUSTRIES,1,770,30,2.571
AGP,PETROLEUM AND NATURAL GAS,3,1138,61,2.566
SAD,MINORITY AFFAIRS,2,535,87,2.552
CPI(ML)(L),SOCIAL JUSTICE AND EMPOWERMENT,9,1048,200,2.55
KEC,SKILL DEVELOPMENT AND ENTREPRENEURSHIP,2,882,53,2.541
SKM,CULTURE,2,1069,44,2.525
SKM,MINORITY AFFAIRS,1,535,44,2.523
UPPL,TRIBAL AFFAIRS,4,796,119,2.508
RLD,HEAVY INDUSTRIES,2,406,117,2.5
NCP,TEXTILES,6,699,205,2.486
CPI,LABOUR AND EMPLOYMENT,27,1570,412,2.479
MNM,JAL SHAKTI,1,1997,12,2.478
NCP,PLANNING,2,235,205,2.465
JMM,RURAL DEVELOPMENT,11,1389,192,2.449
JSP,ATOMIC ENERGY,4,437,222,2.448
AIMIM,MINES,2,429,114,2.428
VCK,PETROLEUM AND NATURAL GAS,10,1138,215,2.427
JSP,STEEL,3,334,222,2.403
RLM,CIVIL AVIATION,3,2129,35,2.391
JD(S),POWER,1,830,30,2.385
NOM.,AYUSH,13,1138,285,2.38
UPPL,HOME AFFAIRS,5,1051,119,2.374
VCK,SOCIAL JUSTICE AND EMPOWERMENT,9,1048,215,2.372
BAP,WOMEN AND CHILD DEVELOPMENT,7,1271,138,2.37
BJD,LAW AND JUSTICE,37,911,1019,2.367
RLP,FINANCE,13,2253,145,2.363
RSP,TEXTILES,3,699,108,2.36
Unknown,MINORITY AFFAIRS,3,535,142,2.345
JMM,COAL,5,661,192,2.339
IND.,ELECTRONICS AND INFORMATION TECHNOLOGY,37,971,971,2.33
TDP,PLANNING,20,235,2178,2.32
IND.,SPACE,9,238,971,2.313
RSP,SPACE,1,238,108,2.31
SAD,HEALTH AND FAMILY WELFARE,12,3550,87,2.307
ASP (KR),HOUSING AND URBAN AFFAIRS,6,1823,85,2.299
BJD,COAL,26,661,1019,2.292
JSP,PLANNING,2,235,222,2.276
KC(M),COMMERCE AND INDUSTRY,7,1356,135,2.271
PMK,TRIBAL AFFAIRS,1,796,33,2.261
NCP,"PORTS, SHIPPING AND WATERWAYS",6,769,205,2.26
CPI,EXTERNAL AFFAIRS,16,1026,412,2.248
IUML,INFORMATION AND BROADCASTING,12,465,682,2.247
CPI(ML)(L),TRIBAL AFFAIRS,6,796,200,2.238
SKM,"ENVIRONMENT, FOREST AND CLIMATE CHANGE",3,1809,44,2.238
ASP (KR),STATISTICS AND PROGRAMME IMPLEMENTATION,1,314,85,2.225
DMDK,ROAD TRANSPORT AND HIGHWAYS,2,2061,26,2.216
AGP,SKILL DEVELOPMENT AND ENTREPRENEURSHIP,2,882,61,2.207
RLP,DEFENCE,1,186,145,2.202
ASP (KR),WOMEN AND CHILD DEVELOPMENT,4,1271,85,2.199
RSP,FINANCE,9,2253,108,2.196
JMM,WOMEN AND CHILD DEVELOPMENT,9,1271,192,2.19
BJD,MINORITY AFFAIRS,20,535,1019,2.178
JMM,MINES,3,429,192,2.163
YSRCP,SPACE,11,238,1271,2.159
AGP,"ENVIRONMENT, FOREST AND CLIMATE CHANGE",4,1809,61,2.152
AIMIM,ELECTRONICS AND INFORMATION TECHNOLOGY,4,971,114,2.146
KEC,SOCIAL JUSTICE AND EMPOWERMENT,2,1048,53,2.138
TDP,"FISHERIES, ANIMAL HUSBANDRY AND DAIRYING",80,1021,2178,2.136
BRS,COAL,7,661,296,2.124
SKM,WOMEN AND CHILD DEVELOPMENT,2,1271,44,2.124
DMDK,TOURISM,1,1076,26,2.123
IUML,EXTERNAL AFFAIRS,25,1026,682,2.122
MDMK,ROAD TRANSPORT AND HIGHWAYS,11,2061,150,2.113
AITC,INFORMATION AND BROADCASTING,42,465,2544,2.108
CPI(M),EXTERNAL AFFAIRS,40,1026,1102,2.101
Unknown,TRIBAL AFFAIRS,4,796,142,2.101
TDP,"MICRO, SMALL AND MEDIUM ENTERPRISES",87,1131,2178,2.097
MNF,HEALTH AND FAMILY WELFARE,1,3550,8,2.091
SP,"PERSONNEL, PUBLIC GRIEVANCES AND PENSIONS",25,305,2331,2.088
CPI(M),FINANCE,87,2253,1102,2.081
CPI(ML)(L),LABOUR AND EMPLOYMENT,11,1570,200,2.08
VCK,MINORITY AFFAIRS,4,535,215,2.065
RSP,"CONSUMER AFFAIRS, FOOD AND PUBLIC DISTRIBUTION",5,1332,108,2.064
SP,PLANNING,19,235,2331,2.06
MDMK,FOOD PROCESSING INDUSTRIES,4,770,150,2.056
RLD,CHEMICALS AND FERTILIZERS,5,1235,117,2.055
KC(M),MINES,2,429,135,2.051
VCK,HEAVY INDUSTRIES,3,406,215,2.041
DMDK,COMMUNICATIONS,1,1120,26,2.039
ZPM,HOUSING AND URBAN AFFAIRS,1,1823,16,2.036
RLD,JAL SHAKTI,8,1997,117,2.033
AIMIM,EXTERNAL AFFAIRS,4,1026,114,2.031
NCP,LABOUR AND EMPLOYMENT,11,1570,205,2.029
CPI(ML)(L),EXTERNAL AFFAIRS,7,1026,200,2.026
SHS(UBT),EXTERNAL AFFAIRS,24,1026,686,2.025
NCP,PANCHAYATI RAJ,4,573,205,2.022
DMDK,"MICRO, SMALL AND MEDIUM ENTERPRISES",1,1131,26,2.019
Unknown,POWER,4,830,142,2.015
ASP (KR),RURAL DEVELOPMENT,4,1389,85,2.012
DMDK,PETROLEUM AND NATURAL GAS,1,1138,26,2.007
BAP,MINES,2,429,138,2.006
NCP(SP),AYUSH,27,1138,704,2.001
UPPL,JAL SHAKTI,8,1997,119,1.999
AIMIM,LABOUR AND EMPLOYMENT,6,1570,114,1.991
SAD,AGRICULTURE AND FARMERS WELFARE,8,2754,87,1.983
JD(S),JAL SHAKTI,2,1997,30,1.982
RLD,FOOD PROCESSING INDUSTRIES,3,770,117,1.977
KEC,PETROLEUM AND NATURAL GAS,2,1138,53,1.969
BAP,ATOMIC ENERGY,2,437,138,1.969
SKM,ROAD TRANSPORT AND HIGHWAYS,3,2061,44,1.964
AIMIM,TRIBAL AFFAIRS,3,796,114,1.963
NOM.,EARTH SCIENCES,4,425,285,1.961
SP,MINORITY AFFAIRS,41,535,2331,1.952
BRS,CHEMICALS AND FERTILIZERS,12,1235,296,1.949
SAD,HOME AFFAIRS,3,1051,87,1.948
JD(S),"FISHERIES, ANIMAL HUSBANDRY AND DAIRYING",1,1021,30,1.939
RLP,AGRICULTURE AND FARMERS WELFARE,13,2754,145,1.933
RLP,WOMEN AND CHILD DEVELOPMENT,6,1271,145,1.933
RSP,AYUSH,4,1138,108,1.933
JD(S),YOUTH AFFAIRS AND SPORTS,1,1024,30,1.933
SKM,TEXTILES,1,699,44,1.931
DMDK,HEALTH AND FAMILY WELFARE,3,3550,26,1.93
VCK,PANCHAYATI RAJ,4,573,215,1.928
AIMIM,COMMERCE AND INDUSTRY,5,1356,114,1.921
YSRCP,COMMUNICATIONS,46,1120,1271,1.919
Unknown,ATOMIC ENERGY,2,437,142,1.914
AITC,EXTERNAL AFFAIRS,84,1026,2544,1.911
TDP,SCIENCE AND TECHNOLOGY,30,430,2178,1.902
JMM,AYUSH,7,1138,192,1.902
NCP,"PERSONNEL, PUBLIC GRIEVANCES AND PENSIONS",2,305,205,1.899
BJP,PARLIAMENTARY AFFAIRS,49,67,22881,1.898
VCK,ATOMIC ENERGY,3,437,215,1.896
AGP,ROAD TRANSPORT AND HIGHWAYS,4,2061,61,1.889
JD(S),SOCIAL JUSTICE AND EMPOWERMENT,1,1048,30,1.889
SAD,"ENVIRONMENT, FOREST AND CLIMATE CHANGE",5,1809,87,1.887
RLD,TOURISM,4,1076,117,1.887
CPI,MINORITY AFFAIRS,7,535,412,1.886
YSRCP,"PORTS, SHIPPING AND WATERWAYS",31,769,1271,1.883
NCP,FOOD PROCESSING INDUSTRIES,5,770,205,1.881
NCP,CHEMICALS AND FERTILIZERS,8,1235,205,1.876
CPI(ML)(L),WOMEN AND CHILD DEVELOPMENT,8,1271,200,1.869
Unknown,COMMUNICATIONS,5,1120,142,1.867
BRS,SCIENCE AND TECHNOLOGY,4,430,296,1.866
J&KNC,TOURISM,3,1076,89,1.86
NOM.,EDUCATION,25,2802,285,1.859
KC(M),CIVIL AVIATION,9,2129,135,1.859
BAP,RURAL DEVELOPMENT,6,1389,138,1.859
RLP,COAL,3,661,145,1.859
TDP,SKILL DEVELOPMENT AND ENTREPRENEURSHIP,60,882,2178,1.855
UPPL,TOURISM,4,1076,119,1.855
PMK,ELECTRONICS AND INFORMATION TECHNOLOGY,1,971,33,1.853
DMDK,CHEMICALS AND FERTILIZERS,1,1235,26,1.849
ASP (KR),AYUSH,3,1138,85,1.842
J&KNC,RAILWAYS,8,2900,89,1.841
NOM.,"FISHERIES, ANIMAL HUSBANDRY AND DAIRYING",9,1021,285,1.837
AJSU,EXTERNAL AFFAIRS,2,1026,63,1.837
TDP,SPACE,16,238,2178,1.833
AAP,EXTERNAL AFFAIRS,25,1026,790,1.832
BAP,PLANNING,1,235,138,1.831
IND.,"ENVIRONMENT, FOREST AND CLIMATE CHANGE",54,1809,971,1.826
IND.,PARLIAMENTARY AFFAIRS,2,67,971,1.826
RJD,LAW AND JUSTICE,15,911,537,1.821
LJSP(RV),POWER,7,830,276,1.815
ASP (KR),FOOD PROCESSING INDUSTRIES,2,770,85,1.815
KEC,CHEMICALS AND FERTILIZERS,2,1235,53,1.814
VCK,"PERSONNEL, PUBLIC GRIEVANCES AND PENSIONS",2,305,215,1.811
UPPL,POWER,3,830,119,1.804
SS,ATOMIC ENERGY,15,437,1132,1.801
ZPM,ROAD TRANSPORT AND HIGHWAYS,1,2061,16,1.801
AAP,STEEL,8,334,790,1.8
Unknown,INFORMATION AND BROADCASTING,2,465,142,1.799
UPPL,RURAL DEVELOPMENT,5,1389,119,1.796
CPI,FINANCE,28,2253,412,1.791
IUML,"FISHERIES, ANIMAL HUSBANDRY AND DAIRYING",21,1021,682,1.791
RJD,DEFENCE,3,186,537,1.784
VCK,INFORMATION AND BROADCASTING,3,465,215,1.782
YSRCP,ELECTRONICS AND INFORMATION TECHNOLOGY,37,971,1271,1.78
SP,DEFENCE,13,186,2331,1.78
ASP (KR),LABOUR AND EMPLOYMENT,4,1570,85,1.78
BRS,"MICRO, SMALL AND MEDIUM ENTERPRISES",10,1131,296,1.774
NOM.,PLANNING,2,235,285,1.773
BAP,COOPERATION,3,731,138,1.766
JMM,DEVELOPMENT OF NORTH EASTERN REGION,1,176,192,1.757
AIADMK,ATOMIC ENERGY,9,437,697,1.755
IND.,STATISTICS AND PROGRAMME IMPLEMENTATION,9,314,971,1.753
SKM,FOOD PROCESSING INDUSTRIES,1,770,44,1.753
CPI(M),PETROLEUM AND NATURAL GAS,37,1138,1102,1.752
MDMK,COMMERCE AND INDUSTRY,6,1356,150,1.752
BAP,CORPORATE AFFAIRS,3,737,138,1.752
RSP,STATISTICS AND PROGRAMME IMPLEMENTATION,1,314,108,1.751
MDMK,"MICRO, SMALL AND MEDIUM ENTERPRISES",5,1131,150,1.75
JSP,AGRICULTURE AND FARMERS WELFARE,18,2754,222,1.748
NCP(SP),AGRICULTURE AND FARMERS WELFARE,57,2754,704,1.746
BJD,STEEL,10,334,1019,1.745
RLP,PLANNING,1,235,145,1.743
UPPL,PANCHAYATI RAJ,2,573,119,1.742
TDP,ELECTRONICS AND INFORMATION TECHNOLOGY,62,971,2178,1.741
JD(U),PARLIAMENTARY AFFAIRS,2,67,1018,1.741
JSP,TOURISM,7,1076,222,1.74
VCK,WOMEN AND CHILD DEVELOPMENT,8,1271,215,1.738
JD(U),PLANNING,7,235,1018,1.738
IND.,DEVELOPMENT OF NORTH EASTERN REGION,5,176,971,1.737
LJSP(RV),NEW AND RENEWABLE ENERGY,8,995,276,1.73
AIADMK,HOUSING AND URBAN AFFAIRS,37,1823,697,1.729
BJD,CIVIL AVIATION,63,2129,1019,1.724
AITC,FINANCE,166,2253,2544,1.72
PMK,SOCIAL JUSTICE AND EMPOWERMENT,1,1048,33,1.717
AAP,DEVELOPMENT OF NORTH EASTERN REGION,4,176,790,1.708
AAP,PANCHAYATI RAJ,13,573,790,1.705
SAD,EDUCATION,7,2802,87,1.705
RLM,NEW AND RENEWABLE ENERGY,1,995,35,1.705
AITC,MINORITY AFFAIRS,39,535,2544,1.702
TDP,NEW AND RENEWABLE ENERGY,62,995,2178,1.699
CPI(ML)(L),TEXTILES,4,699,200,1.699
MDMK,TEXTILES,3,699,150,1.699
IND.,POWER,23,830,971,1.695
J&KNC,HEALTH AND FAMILY WELFARE,9,3550,89,1.691
LJSP(RV),"FISHERIES, ANIMAL HUSBANDRY AND DAIRYING",8,1021,276,1.686
MDMK,PLANNING,1,235,150,1.685
AITC,"PERSONNEL, PUBLIC GRIEVANCES AND PENSIONS",22,305,2544,1.684
DMDK,COMMERCE AND INDUSTRY,1,1356,26,1.684
KEC,JAL SHAKTI,3,1997,53,1.683
AIADMK,CIVIL AVIATION,42,2129,697,1.681
BAP,EXTERNAL AFFAIRS,4,1026,138,1.678
J&KNC,TRIBAL AFFAIRS,2,796,89,1.676
AIADMK,COMMUNICATIONS,22,1120,697,1.673
YSRCP,CHEMICALS AND FERTILIZERS,44,1235,1271,1.665
NOM.,"MICRO, SMALL AND MEDIUM ENTERPRISES",9,1131,285,1.658
RLP,CHEMICALS AND FERTILIZERS,5,1235,145,1.658
JMM,COMMUNICATIONS,6,1120,192,1.657
AJSU,PETROLEUM AND NATURAL GAS,2,1138,63,1.657
BRS,ELECTRONICS AND INFORMATION TECHNOLOGY,8,971,296,1.653
KC(M),"CONSUMER AFFAIRS, FOOD AND PUBLIC DISTRIBUTION",5,1332,135,1.651
NOM.,PETROLEUM AND NATURAL GAS,9,1138,285,1.648
YSRCP,"FISHERIES, ANIMAL HUSBANDRY AND DAIRYING",36,1021,1271,1.647
AIADMK,AYUSH,22,1138,697,1.647
SHS(UBT),HOME AFFAIRS,20,1051,686,1.647
CPI,EDUCATION,32,2802,412,1.646
AJSU,PANCHAYATI RAJ,1,573,63,1.645
DMDK,RURAL DEVELOPMENT,1,1389,26,1.644
BAP,SOCIAL JUSTICE AND EMPOWERMENT,4,1048,138,1.642
CPI(ML)(L),"ENVIRONMENT, FOREST AND CLIMATE CHANGE",10,1809,200,1.641
BRS,CORPORATE AFFAIRS,6,737,296,1.633
BJP,COOPERATION,459,731,22881,1.63
NCP(SP),SKILL DEVELOPMENT AND ENTREPRENEURSHIP,17,882,704,1.626
SKM,POWER,1,830,44,1.626
LJSP(RV),TRIBAL AFFAIRS,6,796,276,1.622
RSP,COMMERCE AND INDUSTRY,4,1356,108,1.622
RLM,SOCIAL JUSTICE AND EMPOWERMENT,1,1048,35,1.619
AIMIM,FINANCE,7,2253,114,1.618
LJSP(RV),"CONSUMER AFFAIRS, FOOD AND PUBLIC DISTRIBUTION",10,1332,276,1.615
JSP,HOUSING AND URBAN AFFAIRS,11,1823,222,1.614
JSP,NEW AND RENEWABLE ENERGY,6,995,222,1.613
SHS(UBT),RAILWAYS,54,2900,686,1.612
SS,EARTH SCIENCES,13,425,1132,1.605
JD(S),CHEMICALS AND FERTILIZERS,1,1235,30,1.603
NCP,"ENVIRONMENT, FOREST AND CLIMATE CHANGE",10,1809,205,1.601
CPI(ML)(L),DEFENCE,1,186,200,1.596
AAP,COAL,14,661,790,1.592
BRS,SKILL DEVELOPMENT AND ENTREPRENEURSHIP,7,882,296,1.592
AITC,DEVELOPMENT OF NORTH EASTERN REGION,12,176,2544,1.591
KC(M),POWER,3,830,135,1.59
JD(U),RAILWAYS,79,2900,1018,1.589
UPPL,LABOUR AND EMPLOYMENT,5,1570,119,1.589
UPPL,STATISTICS AND PROGRAMME IMPLEMENTATION,1,314,119,1.589
RJD,SOCIAL JUSTICE AND EMPOWERMENT,15,1048,537,1.583
PMK,PETROLEUM AND NATURAL GAS,1,1138,33,1.581
PMK,AYUSH,1,1138,33,1.581
AAP,SPACE,5,238,790,1.579
JSP,COMMERCE AND INDUSTRY,8,1356,222,1.578
KEC,HEALTH AND FAMILY WELFARE,5,3550,53,1.578
RLM,TOURISM,1,1076,35,1.577
AIMIM,COAL,2,661,114,1.576
RLD,HEALTH AND FAMILY WELFARE,11,3550,117,1.573
UPPL,WOMEN AND CHILD DEVELOPMENT,4,1271,119,1.57
VCK,DEVELOPMENT OF NORTH EASTERN REGION,1,176,215,1.569
RLD,ELECTRONICS AND INFORMATION TECHNOLOGY,3,971,117,1.568
RLP,SOCIAL JUSTICE AND EMPOWERMENT,4,1048,145,1.563
AJSU,"ENVIRONMENT, FOREST AND CLIMATE CHANGE",3,1809,63,1.563
AIMIM,STEEL,1,334,114,1.56
BRS,ROAD TRANSPORT AND HIGHWAYS,16,2061,296,1.557
JD(S),WOMEN AND CHILD DEVELOPMENT,1,1271,30,1.557
NCP,DEFENCE,1,186,205,1.557
J&KNC,MINES,1,429,89,1.555
BRS,"ENVIRONMENT, FOREST AND CLIMATE CHANGE",14,1809,296,1.553
AIADMK,"PORTS, SHIPPING AND WATERWAYS",14,769,697,1.551
RJD,LABOUR AND EMPLOYMENT,22,1570,537,1.55
NCP,HEALTH AND FAMILY WELFARE,19,3550,205,1.55
CPI,DEFENCE,2,186,412,1.55
ASP (KR),COMMERCE AND INDUSTRY,3,1356,85,1.546
KEC,RAILWAYS,4,2900,53,1.545
BRS,HOUSING AND URBAN AFFAIRS,14,1823,296,1.541
VCK,TOURISM,6,1076,215,1.54
YSRCP,EARTH SCIENCES,14,425,1271,1.539
LJSP(RV),TEXTILES,5,699,276,1.539
YSRCP,HOUSING AND URBAN AFFAIRS,60,1823,1271,1.538
NCP,"MICRO, SMALL AND MEDIUM ENTERPRISES",6,1131,205,1.537
BAP,COMMUNICATIONS,4,1120,138,1.537
RLD,COAL,2,661,117,1.536
SKM,SKILL DEVELOPMENT AND ENTREPRENEURSHIP,1,882,44,1.53
RLD,"CONSUMER AFFAIRS, FOOD AND PUBLIC DISTRIBUTION",4,1332,117,1.524
JMM,HEAVY INDUSTRIES,2,406,192,1.524
NCP(SP),"CONSUMER AFFAIRS, FOOD AND PUBLIC DISTRIBUTION",24,1332,704,1.52
SHS(UBT),HOUSING AND URBAN AFFAIRS,32,1823,686,1.519
SP,EDUCATION,167,2802,2331,1.518
SP,AGRICULTURE AND FARMERS WELFARE,164,2754,2331,1.517
AIMIM,ROAD TRANSPORT AND HIGHWAYS,6,2061,114,1.516
RJD,RURAL DEVELOPMENT,19,1389,537,1.513
RLP,COMMERCE AND INDUSTRY,5,1356,145,1.51
LJSP(RV),JAL SHAKTI,14,1997,276,1.508
BJP,DEVELOPMENT OF NORTH EASTERN REGION,102,176,22881,1.504
CPI,HEALTH AND FAMILY WELFARE,37,3550,412,1.502
LJSP(RV),PANCHAYATI RAJ,4,573,276,1.502
BAP,PANCHAYATI RAJ,2,573,138,1.502
RJD,EDUCATION,38,2802,537,1.5
RLM,"MICRO, SMALL AND MEDIUM ENTERPRISES",1,1131,35,1.5
SAD,LAW AND JUSTICE,2,911,87,1.498
NCP(SP),"MICRO, SMALL AND MEDIUM ENTERPRISES",20,1131,704,1.492
BRS,TOURISM,8,1076,296,1.492
RLM,PETROLEUM AND NATURAL GAS,1,1138,35,1.491
AIMIM,TEXTILES,2,699,114,1.49
CPI,COMMERCE AND INDUSTRY,14,1356,412,1.488
MDMK,CIVIL AVIATION,8,2129,150,1.488
AITC,STATISTICS AND PROGRAMME IMPLEMENTATION,20,314,2544,1.487
RLD,YOUTH AFFAIRS AND SPORTS,3,1024,117,1.487
BRS,HEAVY INDUSTRIES,3,406,296,1.482
IUML,SKILL DEVELOPMENT AND ENTREPRENEURSHIP,15,882,682,1.481
SKM,LAW AND JUSTICE,1,911,44,1.481
SP,JAL SHAKTI,116,1997,2331,1.48
RLP,POWER,3,830,145,1.48
VCK,HEALTH AND FAMILY WELFARE,19,3550,215,1.478
LJSP(RV),ATOMIC ENERGY,3,437,276,1.477
SAD,RURAL DEVELOPMENT,3,1389,87,1.474
AGP,COAL,1,661,61,1.473
BJD,CULTURE,27,1069,1019,1.472
LJSP(RV),YOUTH AFFAIRS AND SPORTS,7,1024,276,1.471
BJD,SPACE,6,238,1019,1.469
AIMIM,HEALTH AND FAMILY WELFARE,10,3550,114,1.467
JD(U),TOURISM,27,1076,1018,1.464
LJSP(RV),SKILL DEVELOPMENT AND ENTREPRENEURSHIP,6,882,276,1.464
IUML,"MICRO, SMALL AND MEDIUM ENTERPRISES",19,1131,682,1.463
RLD,RURAL DEVELOPMENT,4,1389,117,1.462
AGP,JAL SHAKTI,3,1997,61,1.462
NOM.,JAL SHAKTI,14,1997,285,1.461
Unknown,PANCHAYATI RAJ,2,573,142,1.46
UPPL,EXTERNAL AFFAIRS,3,1026,119,1.459
KEC,"PORTS, SHIPPING AND WATERWAYS",1,769,53,1.457
DMDK,LABOUR AND EMPLOYMENT,1,1570,26,1.455
CPI(ML)(L),"FISHERIES, ANIMAL HUSBANDRY AND DAIRYING",5,1021,200,1.454
RLD,TEXTILES,2,699,117,1.452
NCP,JAL SHAKTI,10,1997,205,1.45
SS,AGRICULTURE AND FARMERS WELFARE,76,2754,1132,1.448
JMM,CULTURE,5,1069,192,1.447
SKM,EDUCATION,3,2802,44,1.445
AITC,HOME AFFAIRS,65,1051,2544,1.444
CPI(M),LABOUR AND EMPLOYMENT,42,1570,1102,1.442
JSP,DEFENCE,1,186,222,1.438
LJSP(RV),SOCIAL JUSTICE AND EMPOWERMENT,7,1048,276,1.437
BRS,TEXTILES,5,699,296,1.435
J&KNC,INFORMATION AND BROADCASTING,1,465,89,1.435
BJD,PETROLEUM AND NATURAL GAS,28,1138,1019,1.434
NCP(SP),CHEMICALS AND FERTILIZERS,21,1235,704,1.434
RLM,HEALTH AND FAMILY WELFARE,3,3550,35,1.434
AIMIM,HOUSING AND URBAN AFFAIRS,5,1823,114,1.429
RLP,PANCHAYATI RAJ,2,573,145,1.429
UPPL,SOCIAL JUSTICE AND EMPOWERMENT,3,1048,119,1.428
UPPL,TEXTILES,2,699,119,1.428
NCP,HEAVY INDUSTRIES,2,406,205,1.427
SHS(UBT),EARTH SCIENCES,7,425,686,1.426
NOM.,COOPERATION,5,731,285,1.425
KC(M),CHEMICALS AND FERTILIZERS,4,1235,135,1.425
IUML,TRIBAL AFFAIRS,13,796,682,1.422
CPI,HEAVY INDUSTRIES,4,406,412,1.42
CPI(M),CIVIL AVIATION,56,2129,1102,1.417
PMK,WOMEN AND CHILD DEVELOPMENT,1,1271,33,1.416
JD(U),ROAD TRANSPORT AND HIGHWAYS,50,2061,1018,1.415
IND.,NEW AND RENEWABLE ENERGY,23,995,971,1.414
Unknown,HEALTH AND FAMILY WELFARE,12,3550,142,1.414
AAP,"ENVIRONMENT, FOREST AND CLIMATE CHANGE",34,1809,790,1.413
JD(S),EDUCATION,2,2802,30,1.413
CPI(M),RAILWAYS,76,2900,1102,1.412
RJD,PLANNING,3,235,537,1.412
SP,PETROLEUM AND NATURAL GAS,63,1138,2331,1.41
RJD,STATISTICS AND PROGRAMME IMPLEMENTATION,4,314,537,1.409
UPPL,HEALTH AND FAMILY WELFARE,10,3550,119,1.406
JSP,"CONSUMER AFFAIRS, FOOD AND PUBLIC DISTRIBUTION",7,1332,222,1.406
BJD,COMMUNICATIONS,27,1120,1019,1.405
TDP,TRIBAL AFFAIRS,41,796,2178,1.404
TDP,TEXTILES,36,699,2178,1.404
BRS,MINES,3,429,296,1.403
LJSP(RV),"PORTS, SHIPPING AND WATERWAYS",5,769,276,1.399
AAP,SCIENCE AND TECHNOLOGY,8,430,790,1.398
RSP,AGRICULTURE AND FARMERS WELFARE,7,2754,108,1.398
IND.,HOME AFFAIRS,24,1051,971,1.396
NCP,POWER,4,830,205,1.396
YSRCP,PARLIAMENTARY AFFAIRS,2,67,1271,1.395
BJP,SCIENCE AND TECHNOLOGY,231,430,22881,1.394
NCP(SP),WOMEN AND CHILD DEVELOPMENT,21,1271,704,1.394
LJSP(RV),CHEMICALS AND FERTILIZERS,8,1235,276,1.394
MNM,HEALTH AND FAMILY WELFARE,1,3550,12,1.394
AAP,JAL SHAKTI,37,1997,790,1.393
DMK,EXTERNAL AFFAIRS,85,1026,3537,1.391
RLP,ROAD TRANSPORT AND HIGHWAYS,7,2061,145,1.391
NCP(SP),ELECTRONICS AND INFORMATION TECHNOLOGY,16,971,704,1.39
AJSU,COMMERCE AND INDUSTRY,2,1356,63,1.39
CPI(M),CORPORATE AFFAIRS,19,737,1102,1.389
NCP(SP),EARTH SCIENCES,7,425,704,1.389
SHS(UBT),ATOMIC ENERGY,7,437,686,1.387
Unknown,"ENVIRONMENT, FOREST AND CLIMATE CHANGE",6,1809,142,1.387
BJD,"ENVIRONMENT, FOREST AND CLIMATE CHANGE",43,1809,1019,1.385
KC(M),WOMEN AND CHILD DEVELOPMENT,4,1271,135,1.384
AITC,LABOUR AND EMPLOYMENT,93,1570,2544,1.383
DMK,CULTURE,88,1069,3537,1.382
JMM,LABOUR AND EMPLOYMENT,7,1570,192,1.379
RSP,JAL SHAKTI,5,1997,108,1.377
IUML,TOURISM,17,1076,682,1.376
SS,RAILWAYS,76,2900,1132,1.375
RJD,RAILWAYS,36,2900,537,1.373
CPI(M),STATISTICS AND PROGRAMME IMPLEMENTATION,8,314,1102,1.373
AJSU,ROAD TRANSPORT AND HIGHWAYS,3,2061,63,1.372
SAD,NEW AND RENEWABLE ENERGY,2,995,87,1.372
Unknown,"PERSONNEL, PUBLIC GRIEVANCES AND PENSIONS",1,305,142,1.371
BAP,LABOUR AND EMPLOYMENT,5,1570,138,1.37
LJSP(RV),STATISTICS AND PROGRAMME IMPLEMENTATION,2,314,276,1.37
BAP,STATISTICS AND PROGRAMME IMPLEMENTATION,1,314,138,1.37
AAP,FOOD PROCESSING INDUSTRIES,14,770,790,1.367
NCP,WOMEN AND CHILD DEVELOPMENT,6,1271,205,1.367
DMK,"MICRO, SMALL AND MEDIUM ENTERPRISES",92,1131,3537,1.366
KC(M),ELECTRONICS AND INFORMATION TECHNOLOGY,3,971,135,1.359
BJD,MINES,10,429,1019,1.358
AJSU,RURAL DEVELOPMENT,2,1389,63,1.357
IND.,HEAVY INDUSTRIES,9,406,971,1.356
SKM,NEW AND RENEWABLE ENERGY,1,995,44,1.356
RSP,HEAVY INDUSTRIES,1,406,108,1.354
VCK,"FISHERIES, ANIMAL HUSBANDRY AND DAIRYING",5,1021,215,1.353
SS,HOUSING AND URBAN AFFAIRS,47,1823,1132,1.352
NCP(SP),ROAD TRANSPORT AND HIGHWAYS,33,2061,704,1.351
PMK,"CONSUMER AFFAIRS, FOOD AND PUBLIC DISTRIBUTION",1,1332,33,1.351
NOM.,RURAL DEVELOPMENT,9,1389,285,1.35
NOM.,CHEMICALS AND FERTILIZERS,8,1235,285,1.35
MDMK,SKILL DEVELOPMENT AND ENTREPRENEURSHIP,3,882,150,1.347
SP,FINANCE,119,2253,2331,1.346
CPI(M),EDUCATION,70,2802,1102,1.346
NCP,TOURISM,5,1076,205,1.346
AJSU,EDUCATION,4,2802,63,1.346
YSRCP,COAL,19,661,1271,1.343
YSRCP,COOPERATION,21,731,1271,1.342
RJD,HEALTH AND FAMILY WELFARE,43,3550,537,1.339
IND.,COOPERATION,16,731,971,1.339
SS,PLANNING,6,235,1132,1.339
IUML,LAW AND JUSTICE,14,911,682,1.338
CPI(ML)(L),JAL SHAKTI,9,1997,200,1.338
RLD,PETROLEUM AND NATURAL GAS,3,1138,117,1.338
DMK,COMMERCE AND INDUSTRY,108,1356,3537,1.337
J&KNC,JAL SHAKTI,4,1997,89,1.336
CPI(M),"CONSUMER AFFAIRS, FOOD AND PUBLIC DISTRIBUTION",33,1332,1102,1.335
SAD,YOUTH AFFAIRS AND SPORTS,2,1024,87,1.333
Unknown,LABOUR AND EMPLOYMENT,5,1570,142,1.332
DMK,ELECTRONICS AND INFORMATION TECHNOLOGY,77,971,3537,1.331
CPI(ML)(L),RAILWAYS,13,2900,200,1.331
BJP,STEEL,171,334,22881,1.329
ASP (KR),HOME AFFAIRS,2,1051,85,1.329
AJSU,HEALTH AND FAMILY WELFARE,5,3550,63,1.328
NOM.,STATISTICS AND PROGRAMME IMPLEMENTATION,2,314,285,1.327
PMK,COMMERCE AND INDUSTRY,1,1356,33,1.327
BJD,CHEMICALS AND FERTILIZERS,28,1235,1019,1.321
AAP,YOUTH AFFAIRS AND SPORTS,18,1024,790,1.321
AGP,CORPORATE AFFAIRS,1,737,61,1.321
SP,CHEMICALS AND FERTILIZERS,64,1235,2331,1.32
CPI,ATOMIC ENERGY,4,437,412,1.319
BJD,TRIBAL AFFAIRS,18,796,1019,1.318
Unknown,WOMEN AND CHILD DEVELOPMENT,4,1271,142,1.316
BRS,"PERSONNEL, PUBLIC GRIEVANCES AND PENSIONS",2,305,296,1.315
JD(U),"FISHERIES, ANIMAL HUSBANDRY AND DAIRYING",23,1021,1018,1.314
NCP,SKILL DEVELOPMENT AND ENTREPRENEURSHIP,4,882,205,1.314
CPI,"PORTS, SHIPPING AND WATERWAYS",7,769,412,1.312
JSP,"FISHERIES, ANIMAL HUSBANDRY AND DAIRYING",5,1021,222,1.31
CPI,AGRICULTURE AND FARMERS WELFARE,25,2754,412,1.308
JMM,HEALTH AND FAMILY WELFARE,15,3550,192,1.307
IUML,EDUCATION,42,2802,682,1.305
NCP,"CONSUMER AFFAIRS, FOOD AND PUBLIC DISTRIBUTION",6,1332,205,1.305
CPI(ML)(L),AYUSH,5,1138,200,1.305
JSP,EXTERNAL AFFAIRS,5,1026,222,1.304
MDMK,LAW AND JUSTICE,3,911,150,1.304
SS,LABOUR AND EMPLOYMENT,39,1570,1132,1.303
J&KNC,YOUTH AFFAIRS AND SPORTS,2,1024,89,1.303
AIADMK,LABOUR AND EMPLOYMENT,24,1570,697,1.302
BAP,COAL,2,661,138,1.302
SHS(UBT),CIVIL AVIATION,32,2129,686,1.301
IUML,PETROLEUM AND NATURAL GAS,17,1138,682,1.301
JSP,CHEMICALS AND FERTILIZERS,6,1235,222,1.3
IUML,PARLIAMENTARY AFFAIRS,1,67,682,1.3
AIADMK,AGRICULTURE AND FARMERS WELFARE,42,2754,697,1.299
RJD,CIVIL AVIATION,25,2129,537,1.298
RSP,WOMEN AND CHILD DEVELOPMENT,3,1271,108,1.298
MDMK,"PERSONNEL, PUBLIC GRIEVANCES AND PENSIONS",1,305,150,1.298
SS,"PORTS, SHIPPING AND WATERWAYS",19,769,1132,1.296
AITC,CIVIL AVIATION,118,2129,2544,1.294
BRS,INFORMATION AND BROADCASTING,3,465,296,1.294
IND.,CIVIL AVIATION,45,2129,971,1.293
VCK,CULTURE,5,1069,215,1.292
SHS(UBT),PARLIAMENTARY AFFAIRS,1,67,686,1.292
AAP,TEXTILES,12,699,790,1.29
SP,PANCHAYATI RAJ,29,573,2331,1.289
AIADMK,COAL,10,661,697,1.289
AJSU,COOPERATION,1,731,63,1.289
DMK,"PORTS, SHIPPING AND WATERWAYS",59,769,3537,1.288
AIADMK,RURAL DEVELOPMENT,21,1389,697,1.288
LJSP(RV),STEEL,2,334,276,1.288
CPI,CIVIL AVIATION,19,2129,412,1.286
BJP,HEAVY INDUSTRIES,201,406,22881,1.285
VCK,SCIENCE AND TECHNOLOGY,2,430,215,1.285
YSRCP,EDUCATION,77,2802,1271,1.284
BJP,MINES,212,429,22881,1.282
JD(U),PETROLEUM AND NATURAL GAS,25,1138,1018,1.281
VCK,EDUCATION,13,2802,215,1.281
IND.,PANCHAYATI RAJ,12,573,971,1.281
ZPM,RAILWAYS,1,2900,16,1.28
AJSU,CORPORATE AFFAIRS,1,737,63,1.279
RSP,SCIENCE AND TECHNOLOGY,1,430,108,1.279
KC(M),AGRICULTURE AND FARMERS WELFARE,8,2754,135,1.278
CPI(ML)(L),INFORMATION AND BROADCASTING,2,465,200,1.277
TDP,FOOD PROCESSING INDUSTRIES,36,770,2178,1.275
RLM,"CONSUMER AFFAIRS, FOOD AND PUBLIC DISTRIBUTION",1,1332,35,1.274
BJP,AYUSH,558,1138,22881,1.273
SS,ROAD TRANSPORT AND HIGHWAYS,50,2061,1132,1.273
AIADMK,PETROLEUM AND NATURAL GAS,17,1138,697,1.273
YSRCP,AGRICULTURE AND FARMERS WELFARE,75,2754,1271,1.272
DMK,LAW AND JUSTICE,69,911,3537,1.272
CPI(M),WOMEN AND CHILD DEVELOPMENT,30,1271,1102,1.272
J&KNC,HOME AFFAIRS,2,1051,89,1.27
SKM,CIVIL AVIATION,2,2129,44,1.268
NOM.,"ENVIRONMENT, FOREST AND CLIMATE CHANGE",11,1809,285,1.267
Unknown,COAL,2,661,142,1.265
AITC,"ENVIRONMENT, FOREST AND CLIMATE CHANGE",98,1809,2544,1.264
CPI(ML)(L),PLANNING,1,235,200,1.263
NCP(SP),MINORITY AFFAIRS,8,535,704,1.261
MDMK,LABOUR AND EMPLOYMENT,5,1570,150,1.261
BAP,YOUTH AFFAIRS AND SPORTS,3,1024,138,1.261
MDMK,STATISTICS AND PROGRAMME IMPLEMENTATION,1,314,150,1.261
JMM,CORPORATE AFFAIRS,3,737,192,1.259
NCP(SP),PARLIAMENTARY AFFAIRS,1,67,704,1.259
SP,POWER,41,830,2331,1.258
RSP,ATOMIC ENERGY,1,437,108,1.258
SP,FOOD PROCESSING INDUSTRIES,38,770,2331,1.257
SP,RAILWAYS,143,2900,2331,1.256
INC,DEFENCE,44,186,11184,1.256
AIADMK,SKILL DEVELOPMENT AND ENTREPRENEURSHIP,13,882,697,1.256
IUML,ELECTRONICS AND INFORMATION TECHNOLOGY,14,971,682,1.255
BJD,DEFENCE,4,186,1019,1.253
DMDK,HOUSING AND URBAN AFFAIRS,1,1823,26,1.253
BJP,TOURISM,519,1076,22881,1.252
IND.,EXTERNAL AFFAIRS,21,1026,971,1.252
Unknown,STEEL,1,334,142,1.252
JD(U),EXTERNAL AFFAIRS,22,1026,1018,1.251
NOM.,"CONSUMER AFFAIRS, FOOD AND PUBLIC DISTRIBUTION",8,1332,285,1.251
DMK,TEXTILES,52,699,3537,1.249
SS,SKILL DEVELOPMENT AND ENTREPRENEURSHIP,21,882,1132,1.249
AIADMK,YOUTH AFFAIRS AND SPORTS,15,1024,697,1.248
CPI(ML)(L),SPACE,1,238,200,1.248
AIADMK,EDUCATION,41,2802,697,1.247
ASP (KR),EDUCATION,5,2802,85,1.247
JSP,MINES,2,429,222,1.247
AIADMK,EXTERNAL AFFAIRS,15,1026,697,1.246
VCK,JAL SHAKTI,9,1997,215,1.245
SHS(UBT),"ENVIRONMENT, FOREST AND CLIMATE CHANGE",26,1809,686,1.244
JSP,SCIENCE AND TECHNOLOGY,2,430,222,1.244
BRS,HEALTH AND FAMILY WELFARE,22,3550,296,1.243
JSP,EDUCATION,13,2802,222,1.241
PMK,RAILWAYS,2,2900,33,1.241
AGP,LABOUR AND EMPLOYMENT,2,1570,61,1.24
YSRCP,"MICRO, SMALL AND MEDIUM ENTERPRISES",30,1131,1271,1.239
JD(U),WOMEN AND CHILD DEVELOPMENT,27,1271,1018,1.239
LJSP(RV),RURAL DEVELOPMENT,8,1389,276,1.239
RSP,HEALTH AND FAMILY WELFARE,8,3550,108,1.239
KEC,"ENVIRONMENT, FOREST AND CLIMATE CHANGE",2,1809,53,1.239
SHS(UBT),COMMUNICATIONS,16,1120,686,1.237
CPI(M),"PERSONNEL, PUBLIC GRIEVANCES AND PENSIONS",7,305,1102,1.237
ASP (KR),"MICRO, SMALL AND MEDIUM ENTERPRISES",2,1131,85,1.235
CPI(M),SOCIAL JUSTICE AND EMPOWERMENT,24,1048,1102,1.234
BJD,EARTH SCIENCES,9,425,1019,1.234
SS,CHEMICALS AND FERTILIZERS,29,1235,1132,1.232
RLM,AGRICULTURE AND FARMERS WELFARE,2,2754,35,1.232
AITC,WOMEN AND CHILD DEVELOPMENT,67,1271,2544,1.23
MDMK,FINANCE,7,2253,150,1.23
RLP,"CONSUMER AFFAIRS, FOOD AND PUBLIC DISTRIBUTION",4,1332,145,1.23
BJP,YOUTH AFFAIRS AND SPORTS,484,1024,22881,1.227
INC,"ENVIRONMENT, FOREST AND CLIMATE CHANGE",418,1809,11184,1.227
VCK,FINANCE,10,2253,215,1.226
AIMIM,EARTH SCIENCES,1,425,114,1.226
BJP,NEW AND RENEWABLE ENERGY,469,995,22881,1.223
BJP,PANCHAYATI RAJ,270,573,22881,1.223
AIMIM,CIVIL AVIATION,5,2129,114,1.223
MDMK,ELECTRONICS AND INFORMATION TECHNOLOGY,3,971,150,1.223
RLD,POWER,2,830,117,1.223
IUML,CULTURE,15,1069,682,1.222
CPI(M),"ENVIRONMENT, FOREST AND CLIMATE CHANGE",41,1809,1102,1.221
AAP,SOCIAL JUSTICE AND EMPOWERMENT,17,1048,790,1.219
RJD,JAL SHAKTI,22,1997,537,1.218
BJP,FOOD PROCESSING INDUSTRIES,361,770,22881,1.217
AAP,CHEMICALS AND FERTILIZERS,20,1235,790,1.217
BRS,EDUCATION,17,2802,296,1.217
KC(M),"ENVIRONMENT, FOREST AND CLIMATE CHANGE",5,1809,135,1.216
AIADMK,"CONSUMER AFFAIRS, FOOD AND PUBLIC DISTRIBUTION",19,1332,697,1.215
JSP,SKILL DEVELOPMENT AND ENTREPRENEURSHIP,4,882,222,1.213
UPPL,ROAD TRANSPORT AND HIGHWAYS,5,2061,119,1.211
BJP,SPACE,111,238,22881,1.21
BRS,NEW AND RENEWABLE ENERGY,6,995,296,1.21
CPI(ML)(L),CORPORATE AFFAIRS,3,737,200,1.209
LJSP(RV),CULTURE,6,1069,276,1.208
BAP,CULTURE,3,1069,138,1.208
JD(U),EDUCATION,58,2802,1018,1.207
RSP,LAW AND JUSTICE,2,911,108,1.207
LJSP(RV),MINORITY AFFAIRS,3,535,276,1.206
SKM,COMMUNICATIONS,1,1120,44,1.205
AITC,CORPORATE AFFAIRS,38,737,2544,1.204
Unknown,RURAL DEVELOPMENT,4,1389,142,1.204
IND.,"PERSONNEL, PUBLIC GRIEVANCES AND PENSIONS",6,305,971,1.203
KC(M),COOPERATION,2,731,135,1.203
AITC,ELECTRONICS AND INFORMATION TECHNOLOGY,50,971,2544,1.202
BJP,COAL,306,661,22881,1.201
AAP,FINANCE,36,2253,790,1.201
AJSU,LABOUR AND EMPLOYMENT,2,1570,63,1.201
BRS,STEEL,2,334,296,1.201
BJP,ATOMIC ENERGY,202,437,22881,1.2
AAP,CIVIL AVIATION,34,2129,790,1.2
RLP,YOUTH AFFAIRS AND SPORTS,3,1024,145,1.2
DMK,YOUTH AFFAIRS AND SPORTS,73,1024,3537,1.197
AITC,MINES,22,429,2544,1.197
SHS(UBT),HEALTH AND FAMILY WELFARE,49,3550,686,1.195
RLD,EARTH SCIENCES,1,425,117,1.194
BJD,EXTERNAL AFFAIRS,21,1026,1019,1.193
YSRCP,PLANNING,6,235,1271,1.193
SP,RURAL DEVELOPMENT,65,1389,2331,1.192
AIMIM,ATOMIC ENERGY,1,437,114,1.192
INC,SOCIAL JUSTICE AND EMPOWERMENT,235,1048,11184,1.191
J&KNC,EDUCATION,5,2802,89,1.191
INC,ROAD TRANSPORT AND HIGHWAYS,462,2061,11184,1.19
IND.,"MICRO, SMALL AND MEDIUM ENTERPRISES",22,1131,971,1.19
SS,PANCHAYATI RAJ,13,573,1132,1.19
RJD,INFORMATION AND BROADCASTING,5,465,537,1.189
YSRCP,"ENVIRONMENT, FOREST AND CLIMATE CHANGE",46,1809,1271,1.188
JSP,FINANCE,10,2253,222,1.187
BAP,RAILWAYS,8,2900,138,1.187
TDP,COMMERCE AND INDUSTRY,59,1356,2178,1.186
INC,RURAL DEVELOPMENT,310,1389,11184,1.185
BJD,EDUCATION,57,2802,1019,1.185
LJSP(RV),WOMEN AND CHILD DEVELOPMENT,7,1271,276,1.185
DMK,COMMUNICATIONS,79,1120,3537,1.184
NOM.,DEVELOPMENT OF NORTH EASTERN REGION,1,176,285,1.184
ASP (KR),HEALTH AND FAMILY WELFARE,6,3550,85,1.181
RLD,SCIENCE AND TECHNOLOGY,1,430,117,1.18
IND.,SKILL DEVELOPMENT AND ENTREPRENEURSHIP,17,882,971,1.179
TDP,AGRICULTURE AND FARMERS WELFARE,119,2754,2178,1.178
NCP(SP),PANCHAYATI RAJ,8,573,704,1.178
JMM,HOME AFFAIRS,4,1051,192,1.177
SHS(UBT),ROAD TRANSPORT AND HIGHWAYS,28,2061,686,1.176
VCK,PLANNING,1,235,215,1.175
SP,LAW AND JUSTICE,42,911,2331,1.174
Unknown,CULTURE,3,1069,142,1.174
UPPL,EARTH SCIENCES,1,425,119,1.174
CPI,CORPORATE AFFAIRS,6,737,412,1.173
RLP,TEXTILES,2,699,145,1.172
RLM,RAILWAYS,2,2900,35,1.17
JD(U),TEXTILES,14,699,1018,1.168
AIADMK,"FISHERIES, ANIMAL HUSBANDRY AND DAIRYING",14,1021,697,1.168
CPI,CHEMICALS AND FERTILIZERS,10,1235,412,1.167
KC(M),"MICRO, SMALL AND MEDIUM ENTERPRISES",3,1131,135,1.167
TDP,TOURISM,46,1076,2178,1.166
NCP(SP),TRIBAL AFFAIRS,11,796,704,1.166
Unknown,TOURISM,3,1076,142,1.166
BRS,AGRICULTURE AND FARMERS WELFARE,16,2754,296,1.165
SS,HEAVY INDUSTRIES,9,406,1132,1.163
UPPL,MINES,1,429,119,1.163
SP,WOMEN AND CHILD DEVELOPMENT,58,1271,2331,1.162
NOM.,TOURISM,6,1076,285,1.162
RLD,ATOMIC ENERGY,1,437,117,1.161
SS,NEW AND RENEWABLE ENERGY,22,995,1132,1.16
MDMK,YOUTH AFFAIRS AND SPORTS,3,1024,150,1.16
KC(M),PETROLEUM AND NATURAL GAS,3,1138,135,1.16
IUML,FINANCE,30,2253,682,1.159
CPI(M),INFORMATION AND BROADCASTING,10,465,1102,1.159
CPI(M),DEFENCE,4,186,1102,1.159
SHS(UBT),WOMEN AND CHILD DEVELOPMENT,17,1271,686,1.158
JMM,MINORITY AFFAIRS,2,535,192,1.156
BJP,CORPORATE AFFAIRS,328,737,22881,1.155
SP,HEALTH AND FAMILY WELFARE,161,3550,2331,1.155
AAP,LAW AND JUSTICE,14,911,790,1.155
KEC,ELECTRONICS AND INFORMATION TECHNOLOGY,1,971,53,1.154
LJSP(RV),COMMUNICATIONS,6,1120,276,1.153
INC,HEALTH AND FAMILY WELFARE,770,3550,11184,1.152
CPI(ML)(L),ROAD TRANSPORT AND HIGHWAYS,8,2061,200,1.152
DMK,CIVIL AVIATION,146,2129,3537,1.151
YSRCP,HEAVY INDUSTRIES,10,406,1271,1.151
SHS(UBT),COMMERCE AND INDUSTRY,18,1356,686,1.149
BJP,HOME AFFAIRS,465,1051,22881,1.148
SHS(UBT),POWER,11,830,686,1.147
JD(U),CULTURE,21,1069,1018,1.146
BJP,SKILL DEVELOPMENT AND ENTREPRENEURSHIP,389,882,22881,1.145
TDP,SOCIAL JUSTICE AND EMPOWERMENT,44,1048,2178,1.145
NCP(SP),CORPORATE AFFAIRS,10,737,704,1.144
BJD,AGRICULTURE AND FARMERS WELFARE,54,2754,1019,1.143
BJP,CULTURE,470,1069,22881,1.141
IUML,RAILWAYS,38,2900,682,1.141
CPI,RURAL DEVELOPMENT,11,1389,412,1.141
BAP,"MICRO, SMALL AND MEDIUM ENTERPRISES",3,1131,138,1.141
AAP,RAILWAYS,44,2900,790,1.14
SHS(UBT),LAW AND JUSTICE,12,911,686,1.14
CPI,PETROLEUM AND NATURAL GAS,9,1138,412,1.14
IND.,MINES,8,429,971,1.14
JD(U),"CONSUMER AFFAIRS, FOOD AND PUBLIC DISTRIBUTION",26,1332,1018,1.139
BJP,POWER,364,830,22881,1.138
IND.,"FISHERIES, ANIMAL HUSBANDRY AND DAIRYING",19,1021,971,1.138
RJD,CULTURE,11,1069,537,1.138
RSP,RAILWAYS,6,2900,108,1.138
VCK,ELECTRONICS AND INFORMATION TECHNOLOGY,4,971,215,1.138
YSRCP,COMMERCE AND INDUSTRY,33,1356,1271,1.137
NCP,EDUCATION,11,2802,205,1.137
SHS(UBT),"PERSONNEL, PUBLIC GRIEVANCES AND PENSIONS",4,305,686,1.135
DMK,FOOD PROCESSING INDUSTRIES,52,770,3537,1.134
JD(U),CHEMICALS AND FERTILIZERS,24,1235,1018,1.134
SS,CIVIL AVIATION,46,2129,1132,1.133
IND.,JAL SHAKTI,37,1997,971,1.133
SS,RURAL DEVELOPMENT,30,1389,1132,1.133
BJP,STATISTICS AND PROGRAMME IMPLEMENTATION,137,314,22881,1.132
CPI(ML)(L),HOME AFFAIRS,4,1051,200,1.13
DMK,SPACE,16,238,3537,1.129
CPI,"FISHERIES, ANIMAL HUSBANDRY AND DAIRYING",8,1021,412,1.129
INC,RAILWAYS,616,2900,11184,1.128
IUML,HEALTH AND FAMILY WELFARE,46,3550,682,1.128
IND.,ROAD TRANSPORT AND HIGHWAYS,38,2061,971,1.128
NCP(SP),LABOUR AND EMPLOYMENT,21,1570,704,1.128
SS,DEFENCE,4,186,1132,1.128
AITC,HOUSING AND URBAN AFFAIRS,88,1823,2544,1.127
RJD,ROAD TRANSPORT AND HIGHWAYS,21,2061,537,1.127
AITC,RURAL DEVELOPMENT,67,1389,2544,1.126
TDP,CHEMICALS AND FERTILIZERS,51,1235,2178,1.126
BJP,TEXTILES,303,699,22881,1.125
AIMIM,RURAL DEVELOPMENT,3,1389,114,1.125
RJD,AGRICULTURE AND FARMERS WELFARE,28,2754,537,1.124
UPPL,"CONSUMER AFFAIRS, FOOD AND PUBLIC DISTRIBUTION",3,1332,119,1.124
JSP,SPACE,1,238,222,1.124
AAP,AYUSH,17,1138,790,1.123
BJP,INFORMATION AND BROADCASTING,201,465,22881,1.122
AAP,HEALTH AND FAMILY WELFARE,53,3550,790,1.122
RLD,"ENVIRONMENT, FOREST AND CLIMATE CHANGE",4,1809,117,1.122
AAP,PARLIAMENTARY AFFAIRS,1,67,790,1.122
DMK,SOCIAL JUSTICE AND EMPOWERMENT,70,1048,3537,1.121
INC,COMMERCE AND INDUSTRY,286,1356,11184,1.12
NCP(SP),COMMERCE AND INDUSTRY,18,1356,704,1.12
DMK,INFORMATION AND BROADCASTING,31,465,3537,1.119
INC,EXTERNAL AFFAIRS,216,1026,11184,1.118
JD(U),COMMERCE AND INDUSTRY,26,1356,1018,1.118
DMK,RAILWAYS,193,2900,3537,1.117
BJP,EARTH SCIENCES,183,425,22881,1.117
JD(U),HEALTH AND FAMILY WELFARE,68,3550,1018,1.117
SHS(UBT),INFORMATION AND BROADCASTING,6,465,686,1.117
CPI(ML)(L),"CONSUMER AFFAIRS, FOOD AND PUBLIC DISTRIBUTION",5,1332,200,1.115
JD(U),FINANCE,43,2253,1018,1.113
DMK,LABOUR AND EMPLOYMENT,104,1570,3537,1.112
NCP,HOUSING AND URBAN AFFAIRS,7,1823,205,1.112
AIADMK,JAL SHAKTI,26,1997,697,1.109
Unknown,"MICRO, SMALL AND MEDIUM ENTERPRISES",3,1131,142,1.109
SS,AYUSH,24,1138,1132,1.106
NCP(SP),RAILWAYS,38,2900,704,1.105
IUML,CIVIL AVIATION,27,2129,682,1.104
JMM,EDUCATION,10,2802,192,1.104
MDMK,TOURISM,3,1076,150,1.104
SP,LABOUR AND EMPLOYMENT,68,1570,2331,1.103
UPPL,"ENVIRONMENT, FOREST AND CLIMATE CHANGE",4,1809,119,1.103
JSP,ELECTRONICS AND INFORMATION TECHNOLOGY,4,971,222,1.102
INC,TRIBAL AFFAIRS,165,796,11184,1.101
AITC,EDUCATION,132,2802,2544,1.1
NCP,RAILWAYS,11,2900,205,1.099
KC(M),EDUCATION,7,2802,135,1.099
INC,FINANCE,466,2253,11184,1.098
JSP,COOPERATION,3,731,222,1.098
J&KNC,HOUSING AND URBAN AFFAIRS,3,1823,89,1.098
KEC,"FISHERIES, ANIMAL HUSBANDRY AND DAIRYING",1,1021,53,1.097
LJSP(RV),LABOUR AND EMPLOYMENT,8,1570,276,1.096
NCP(SP),FOOD PROCESSING INDUSTRIES,10,770,704,1.095
UPPL,HOUSING AND URBAN AFFAIRS,4,1823,119,1.095
SKM,CHEMICALS AND FERTILIZERS,1,1235,44,1.093
DMK,PETROLEUM AND NATURAL GAS,74,1138,3537,1.092
RJD,HOUSING AND URBAN AFFAIRS,18,1823,537,1.092
KEC,EXTERNAL AFFAIRS,1,1026,53,1.092
TDP,EDUCATION,112,2802,2178,1.09
IND.,CHEMICALS AND FERTILIZERS,22,1235,971,1.089
DMK,FINANCE,146,2253,3537,1.088
YSRCP,ROAD TRANSPORT AND HIGHWAYS,48,2061,1271,1.088
Unknown,"PORTS, SHIPPING AND WATERWAYS",2,769,142,1.088
DMK,HOUSING AND URBAN AFFAIRS,118,1823,3537,1.087
KEC,ROAD TRANSPORT AND HIGHWAYS,2,2061,53,1.087
JD(S),HOUSING AND URBAN AFFAIRS,1,1823,30,1.086
AITC,COMMERCE AND INDUSTRY,63,1356,2544,1.084
NCP(SP),EDUCATION,36,2802,704,1.084
AIADMK,"ENVIRONMENT, FOREST AND CLIMATE CHANGE",23,1809,697,1.083
DMK,DEFENCE,12,186,3537,1.083
JD(U),JAL SHAKTI,37,1997,1018,1.081
RLM,LABOUR AND EMPLOYMENT,1,1570,35,1.081
JD(U),AGRICULTURE AND FARMERS WELFARE,51,2754,1018,1.08
AIADMK,HEALTH AND FAMILY WELFARE,45,3550,697,1.08
TDP,MINES,17,429,2178,1.08
IUML,SOCIAL JUSTICE AND EMPOWERMENT,13,1048,682,1.08
RLP,PETROLEUM AND NATURAL GAS,3,1138,145,1.08
RLP,AYUSH,3,1138,145,1.08
INC,"PERSONNEL, PUBLIC GRIEVANCES AND PENSIONS",62,305,11184,1.079
CPI(ML)(L),AGRICULTURE AND FARMERS WELFARE,10,2754,200,1.078
SS,COMMUNICATIONS,23,1120,1132,1.077
DMK,RURAL DEVELOPMENT,89,1389,3537,1.076
NOM.,COMMERCE AND INDUSTRY,7,1356,285,1.076
VCK,FOOD PROCESSING INDUSTRIES,3,770,215,1.076
MDMK,CORPORATE AFFAIRS,2,737,150,1.074
SAD,WOMEN AND CHILD DEVELOPMENT,2,1271,87,1.074
DMDK,CIVIL AVIATION,1,2129,26,1.073
AITC,HEALTH AND FAMILY WELFARE,163,3550,2544,1.072
AAP,HOUSING AND URBAN AFFAIRS,26,1823,790,1.072
RSP,EXTERNAL AFFAIRS,2,1026,108,1.072
BJP,PLANNING,97,235,22881,1.071
NCP(SP),YOUTH AFFAIRS AND SPORTS,13,1024,704,1.071
INC,JAL SHAKTI,402,1997,11184,1.069
CPI(ML)(L),RURAL DEVELOPMENT,5,1389,200,1.069
NCP,COMMERCE AND INDUSTRY,5,1356,205,1.068
DMK,MINORITY AFFAIRS,34,535,3537,1.067
JMM,RAILWAYS,10,2900,192,1.066
RLP,FOOD PROCESSING INDUSTRIES,2,770,145,1.064
JD(U),"PORTS, SHIPPING AND WATERWAYS",14,769,1018,1.062
INC,HOME AFFAIRS,210,1051,11184,1.061
BJD,"PORTS, SHIPPING AND WATERWAYS",14,769,1019,1.061
YSRCP,PANCHAYATI RAJ,13,573,1271,1.06
JD(U),COAL,12,661,1018,1.059
CPI(M),COMMUNICATIONS,22,1120,1102,1.058
SHS(UBT),CORPORATE AFFAIRS,9,737,686,1.057
IUML,ROAD TRANSPORT AND HIGHWAYS,25,2061,682,1.056
NOM.,HEALTH AND FAMILY WELFARE,18,3550,285,1.056
SP,STATISTICS AND PROGRAMME IMPLEMENTATION,13,314,2331,1.055
YSRCP,CIVIL AVIATION,48,2129,1271,1.053
INC,LABOUR AND EMPLOYMENT,311,1570,11184,1.052
AITC,"FISHERIES, ANIMAL HUSBANDRY AND DAIRYING",46,1021,2544,1.052
JSP,WOMEN AND CHILD DEVELOPMENT,5,1271,222,1.052
SS,TEXTILES,14,699,1132,1.051
BJP,COMMUNICATIONS,453,1120,22881,1.05
JD(U),RURAL DEVELOPMENT,25,1389,1018,1.05
BJD,"CONSUMER AFFAIRS, FOOD AND PUBLIC DISTRIBUTION",24,1332,1019,1.05
RLD,RAILWAYS,6,2900,117,1.05
INC,AGRICULTURE AND FARMERS WELFARE,544,2754,11184,1.049
INC,WOMEN AND CHILD DEVELOPMENT,251,1271,11184,1.049
RSP,SOCIAL JUSTICE AND EMPOWERMENT,2,1048,108,1.049
JD(U),STEEL,6,334,1018,1.048
TDP,HOUSING AND URBAN AFFAIRS,70,1823,2178,1.047
CPI(M),RURAL DEVELOPMENT,27,1389,1102,1.047
Unknown,JAL SHAKTI,5,1997,142,1.047
IUML,"CONSUMER AFFAIRS, FOOD AND PUBLIC DISTRIBUTION",16,1332,682,1.046
JSP,YOUTH AFFAIRS AND SPORTS,4,1024,222,1.045
BJP,TRIBAL AFFAIRS,320,796,22881,1.043
BJP,"PORTS, SHIPPING AND WATERWAYS",309,769,22881,1.043
CPI,POWER,6,830,412,1.042
AGP,EDUCATION,3,2802,61,1.042
JSP,FOOD PROCESSING INDUSTRIES,3,770,222,1.042
IND.,PLANNING,4,235,971,1.041
VCK,TRIBAL AFFAIRS,3,796,215,1.041
KEC,TOURISM,1,1076,53,1.041
RJD,"ENVIRONMENT, FOREST AND CLIMATE CHANGE",17,1809,537,1.039
NCP(SP),HEAVY INDUSTRIES,5,406,704,1.039
INC,EDUCATION,548,2802,11184,1.038
SP,CORPORATE AFFAIRS,30,737,2331,1.037
BAP,POWER,2,830,138,1.037
DMK,"FISHERIES, ANIMAL HUSBANDRY AND DAIRYING",63,1021,3537,1.036
SS,HEALTH AND FAMILY WELFARE,70,3550,1132,1.034
IND.,"PORTS, SHIPPING AND WATERWAYS",13,769,971,1.034
RJD,MINORITY AFFAIRS,5,535,537,1.033
RJD,FINANCE,21,2253,537,1.031
BJP,"CONSUMER AFFAIRS, FOOD AND PUBLIC DISTRIBUTION",528,1332,22881,1.029
JD(U),CORPORATE AFFAIRS,13,737,1018,1.029
RLP,TRIBAL AFFAIRS,2,796,145,1.029
BJP,HOUSING AND URBAN AFFAIRS,722,1823,22881,1.028
INC,COAL,128,661,11184,1.028
BJD,CORPORATE AFFAIRS,13,737,1019,1.028
AAP,COOPERATION,10,731,790,1.028
RSP,MINORITY AFFAIRS,1,535,108,1.028
INC,CIVIL AVIATION,412,2129,11184,1.027
INC,MINES,83,429,11184,1.027
YSRCP,AYUSH,25,1138,1271,1.026
TDP,EARTH SCIENCES,16,425,2178,1.026
AITC,LAW AND JUSTICE,40,911,2544,1.025
RLP,JAL SHAKTI,5,1997,145,1.025
IUML,EARTH SCIENCES,5,425,682,1.024
TDP,HEALTH AND FAMILY WELFARE,133,3550,2178,1.021
NCP(SP),COAL,8,661,704,1.021
CPI(M),ROAD TRANSPORT AND HIGHWAYS,39,2061,1102,1.02
IUML,YOUTH AFFAIRS AND SPORTS,12,1024,682,1.02
NCP,PETROLEUM AND NATURAL GAS,4,1138,205,1.018
SS,"ENVIRONMENT, FOREST AND CLIMATE CHANGE",35,1809,1132,1.015
DMK,SCIENCE AND TECHNOLOGY,26,430,3537,1.015
IND.,YOUTH AFFAIRS AND SPORTS,17,1024,971,1.015
CPI,NEW AND RENEWABLE ENERGY,7,995,412,1.014
Unknown,ROAD TRANSPORT AND HIGHWAYS,5,2061,142,1.014
BJP,"PERSONNEL, PUBLIC GRIEVANCES AND PENSIONS",119,305,22881,1.013
INC,EARTH SCIENCES,81,425,11184,1.012
LJSP(RV),EARTH SCIENCES,2,425,276,1.012
SS,POWER,16,830,1132,1.011
IUML,COMMUNICATIONS,13,1120,682,1.011
JMM,AGRICULTURE AND FARMERS WELFARE,9,2754,192,1.011
BJP,"MICRO, SMALL AND MEDIUM ENTERPRISES",440,1131,22881,1.01
AAP,AGRICULTURE AND FARMERS WELFARE,37,2754,790,1.01
IND.,"CONSUMER AFFAIRS, FOOD AND PUBLIC DISTRIBUTION",22,1332,971,1.01
NCP(SP),STEEL,4,334,704,1.01
BJD,WOMEN AND CHILD DEVELOPMENT,22,1271,1019,1.009
RLP,HEAVY INDUSTRIES,1,406,145,1.009
SHS(UBT),SCIENCE AND TECHNOLOGY,5,430,686,1.007
AITC,RAILWAYS,125,2900,2544,1.006
CPI(M),LAW AND JUSTICE,17,911,1102,1.006
CPI,SCIENCE AND TECHNOLOGY,3,430,412,1.006
BJP,PETROLEUM AND NATURAL GAS,440,1138,22881,1.003
VCK,AGRICULTURE AND FARMERS WELFARE,10,2754,215,1.003
LJSP(RV),MINES,2,429,276,1.003
BJD,TEXTILES,12,699,1019,1.0
KEC,COMMUNICATIONS,1,1120,53,1.0
SHS(UBT),FINANCE,26,2253,686,0.999
IND.,TRIBAL AFFAIRS,13,796,971,0.999
ASP (KR),TEXTILES,1,699,85,0.999
DMK,HEALTH AND FAMILY WELFARE,211,3550,3537,0.998
AAP,COMMERCE AND INDUSTRY,18,1356,790,0.998
TDP,ATOMIC ENERGY,16,437,2178,0.998
VCK,POWER,3,830,215,0.998
KC(M),SKILL DEVELOPMENT AND ENTREPRENEURSHIP,2,882,135,0.997
INC,ELECTRONICS AND INFORMATION TECHNOLOGY,182,971,11184,0.995
YSRCP,FINANCE,48,2253,1271,0.995
SKM,COMMERCE AND INDUSTRY,1,1356,44,0.995
SP,"CONSUMER AFFAIRS, FOOD AND PUBLIC DISTRIBUTION",52,1332,2331,0.994
VCK,RURAL DEVELOPMENT,5,1389,215,0.994
AIMIM,SOCIAL JUSTICE AND EMPOWERMENT,2,1048,114,0.994
BJP,JAL SHAKTI,764,1997,22881,0.993
AAP,EDUCATION,37,2802,790,0.993
CPI(M),COMMERCE AND INDUSTRY,25,1356,1102,0.993
INC,MINORITY AFFAIRS,100,535,11184,0.992
SS,EDUCATION,53,2802,1132,0.992
INC,LAW AND JUSTICE,170,911,11184,0.991
KC(M),HEALTH AND FAMILY WELFARE,8,3550,135,0.991
KEC,"MICRO, SMALL AND MEDIUM ENTERPRISES",1,1131,53,0.991
DMK,SKILL DEVELOPMENT AND ENTREPRENEURSHIP,52,882,3537,0.99
JD(U),COMMUNICATIONS,19,1120,1018,0.99
INC,"CONSUMER AFFAIRS, FOOD AND PUBLIC DISTRIBUTION",248,1332,11184,0.989
SHS(UBT),PETROLEUM AND NATURAL GAS,13,1138,686,0.989
TDP,LAW AND JUSTICE,33,911,2178,0.988
TDP,WOMEN AND CHILD DEVELOPMENT,46,1271,2178,0.987
JD(U),CIVIL AVIATION,36,2129,1018,0.986
YSRCP,PETROLEUM AND NATURAL GAS,24,1138,1271,0.985
RJD,CHEMICALS AND FERTILIZERS,11,1235,537,0.985
JMM,STATISTICS AND PROGRAMME IMPLEMENTATION,1,314,192,0.985
NOM.,AGRICULTURE AND FARMERS WELFARE,13,2754,285,0.984
Unknown,EARTH SCIENCES,1,425,142,0.984
DMK,EDUCATION,164,2802,3537,0.983
AAP,MINORITY AFFAIRS,7,535,790,0.983
SS,CULTURE,20,1069,1132,0.981
RSP,EDUCATION,5,2802,108,0.981
JSP,HEALTH AND FAMILY WELFARE,13,3550,222,0.98
IND.,ATOMIC ENERGY,7,437,971,0.98
JD(U),SPACE,4,238,1018,0.98
SKM,AGRICULTURE AND FARMERS WELFARE,2,2754,44,0.98
CPI(ML)(L),LAW AND JUSTICE,3,911,200,0.978
AGP,NEW AND RENEWABLE ENERGY,1,995,61,0.978
AITC,HEAVY INDUSTRIES,17,406,2544,0.977
CPI(ML)(L),HOUSING AND URBAN AFFAIRS,6,1823,200,0.977
VCK,"MICRO, SMALL AND MEDIUM ENTERPRISES",4,1131,215,0.977
SAD,TEXTILES,1,699,87,0.976
BJP,CHEMICALS AND FERTILIZERS,464,1235,22881,0.975
INC,PETROLEUM AND NATURAL GAS,209,1138,11184,0.975
AJSU,RAILWAYS,3,2900,63,0.975
AIMIM,CULTURE,2,1069,114,0.975
UPPL,YOUTH AFFAIRS AND SPORTS,2,1024,119,0.975
CPI,"CONSUMER AFFAIRS, FOOD AND PUBLIC DISTRIBUTION",9,1332,412,0.974
CPI(ML)(L),"PERSONNEL, PUBLIC GRIEVANCES AND PENSIONS",1,305,200,0.973
SS,ELECTRONICS AND INFORMATION TECHNOLOGY,18,971,1132,0.972
RJD,PETROLEUM AND NATURAL GAS,10,1138,537,0.972
RSP,"MICRO, SMALL AND MEDIUM ENTERPRISES",2,1131,108,0.972
SKM,RURAL DEVELOPMENT,1,1389,44,0.972
VCK,AYUSH,4,1138,215,0.971
J&KNC,AGRICULTURE AND FARMERS WELFARE,4,2754,89,0.969
RLD,SOCIAL JUSTICE AND EMPOWERMENT,2,1048,117,0.969
JSP,POWER,3,830,222,0.967
IND.,TOURISM,17,1076,971,0.966
RSP,PETROLEUM AND NATURAL GAS,2,1138,108,0.966
LJSP(RV),RAILWAYS,13,2900,276,0.964
RLP,EARTH SCIENCES,1,425,145,0.964
IUML,COMMERCE AND INDUSTRY,15,1356,682,0.963
DMK,STATISTICS AND PROGRAMME IMPLEMENTATION,18,314,3537,0.962
BJD,ROAD TRANSPORT AND HIGHWAYS,34,2061,1019,0.961
CPI,HOME AFFAIRS,7,1051,412,0.96
BJP,CIVIL AVIATION,787,2129,22881,0.959
BJD,HOUSING AND URBAN AFFAIRS,30,1823,1019,0.959
AAP,"CONSUMER AFFAIRS, FOOD AND PUBLIC DISTRIBUTION",17,1332,790,0.959
AITC,JAL SHAKTI,82,1997,2544,0.958
DMK,"CONSUMER AFFAIRS, FOOD AND PUBLIC DISTRIBUTION",76,1332,3537,0.958
BJP,SOCIAL JUSTICE AND EMPOWERMENT,386,1048,22881,0.956
TDP,JAL SHAKTI,70,1997,2178,0.956
IUML,HOUSING AND URBAN AFFAIRS,20,1823,682,0.955
BAP,FINANCE,5,2253,138,0.955
NOM.,ATOMIC ENERGY,2,437,285,0.954
NCP,CIVIL AVIATION,7,2129,205,0.952
LJSP(RV),COMMERCE AND INDUSTRY,6,1356,276,0.952
BAP,COMMERCE AND INDUSTRY,3,1356,138,0.952
RLP,SCIENCE AND TECHNOLOGY,1,430,145,0.952
DMK,POWER,47,830,3537,0.951
LJSP(RV),"ENVIRONMENT, FOREST AND CLIMATE CHANGE",8,1809,276,0.951
AGP,YOUTH AFFAIRS AND SPORTS,1,1024,61,0.951
JD(U),SCIENCE AND TECHNOLOGY,7,430,1018,0.95
KC(M),RURAL DEVELOPMENT,3,1389,135,0.95
RJD,TEXTILES,6,699,537,0.949
RLD,MINORITY AFFAIRS,1,535,117,0.949
IUML,AGRICULTURE AND FARMERS WELFARE,30,2754,682,0.948
AAP,ROAD TRANSPORT AND HIGHWAYS,26,2061,790,0.948
DMK,EARTH SCIENCES,24,425,3537,0.948
Unknown,SKILL DEVELOPMENT AND ENTREPRENEURSHIP,2,882,142,0.948
AJSU,NEW AND RENEWABLE ENERGY,1,995,63,0.947
INC,CHEMICALS AND FERTILIZERS,220,1235,11184,0.946
SP,"MICRO, SMALL AND MEDIUM ENTERPRISES",42,1131,2331,0.946
SS,JAL SHAKTI,36,1997,1132,0.946
LJSP(RV),LAW AND JUSTICE,4,911,276,0.945
JD(U),HOME AFFAIRS,17,1051,1018,0.944
AJSU,JAL SHAKTI,2,1997,63,0.944
BJP,"FISHERIES, ANIMAL HUSBANDRY AND DAIRYING",371,1021,22881,0.943
SP,EXTERNAL AFFAIRS,38,1026,2331,0.943
BRS,CIVIL AVIATION,10,2129,296,0.942
NCP(SP),TOURISM,12,1076,704,0.941
BJP,LAW AND JUSTICE,330,911,22881,0.94
YSRCP,NEW AND RENEWABLE ENERGY,20,995,1271,0.939
DMK,WOMEN AND CHILD DEVELOPMENT,71,1271,3537,0.938
AITC,COMMUNICATIONS,45,1120,2544,0.938
RLM,"ENVIRONMENT, FOREST AND CLIMATE CHANGE",1,1809,35,0.938
SHS(UBT),LABOUR AND EMPLOYMENT,17,1570,686,0.937
RLP,ATOMIC ENERGY,1,437,145,0.937
INC,"FISHERIES, ANIMAL HUSBANDRY AND DAIRYING",180,1021,11184,0.936
INC,PANCHAYATI RAJ,101,573,11184,0.936
BJP,RURAL DEVELOPMENT,500,1389,22881,0.934
MDMK,WOMEN AND CHILD DEVELOPMENT,3,1271,150,0.934
JSP,PANCHAYATI RAJ,2,573,222,0.934
JMM,NEW AND RENEWABLE ENERGY,3,995,192,0.932
IND.,HEALTH AND FAMILY WELFARE,54,3550,971,0.93
SHS(UBT),YOUTH AFFAIRS AND SPORTS,11,1024,686,0.93
ASP (KR),FINANCE,3,2253,85,0.93
JD(S),CIVIL AVIATION,1,2129,30,0.93
AITC,ROAD TRANSPORT AND HIGHWAYS,82,2061,2544,0.929
NCP(SP),JAL SHAKTI,22,1997,704,0.929
JMM,JAL SHAKTI,6,1997,192,0.929
AIMIM,EDUCATION,5,2802,114,0.929
JMM,"CONSUMER AFFAIRS, FOOD AND PUBLIC DISTRIBUTION",4,1332,192,0.929
INC,YOUTH AFFAIRS AND SPORTS,179,1024,11184,0.928
SS,"MICRO, SMALL AND MEDIUM ENTERPRISES",20,1131,1132,0.928
SHS(UBT),EDUCATION,30,2802,686,0.927
AAP,HEAVY INDUSTRIES,5,406,790,0.926
IND.,RURAL DEVELOPMENT,21,1389,971,0.925
Unknown,COMMERCE AND INDUSTRY,3,1356,142,0.925
BJP,WOMEN AND CHILD DEVELOPMENT,452,1271,22881,0.923
INC,CORPORATE AFFAIRS,128,737,11184,0.922
AIMIM,"MICRO, SMALL AND MEDIUM ENTERPRISES",2,1131,114,0.921
CPI(ML)(L),HEALTH AND FAMILY WELFARE,11,3550,200,0.92
YSRCP,"PERSONNEL, PUBLIC GRIEVANCES AND PENSIONS",6,305,1271,0.919
Unknown,HOUSING AND URBAN AFFAIRS,4,1823,142,0.918
BRS,ATOMIC ENERGY,2,437,296,0.918
SHS(UBT),COAL,7,661,686,0.917
LJSP(RV),PLANNING,1,235,276,0.916
SP,STEEL,12,334,2331,0.915
NCP(SP),POWER,9,830,704,0.915
IUML,"ENVIRONMENT, FOREST AND CLIMATE CHANGE",19,1809,682,0.914
NOM.,HOUSING AND URBAN AFFAIRS,8,1823,285,0.914
AGP,CIVIL AVIATION,2,2129,61,0.914
IND.,CORPORATE AFFAIRS,11,737,971,0.913
DMK,ROAD TRANSPORT AND HIGHWAYS,112,2061,3537,0.912
SHS(UBT),AGRICULTURE AND FARMERS WELFARE,29,2754,686,0.912
NCP(SP),RURAL DEVELOPMENT,15,1389,704,0.911
IUML,HOME AFFAIRS,11,1051,682,0.911
RJD,ELECTRONICS AND INFORMATION TECHNOLOGY,8,971,537,0.911
AITC,STEEL,13,334,2544,0.909
SAD,FINANCE,3,2253,87,0.909
SS,WOMEN AND CHILD DEVELOPMENT,22,1271,1132,0.908
JSP,ROAD TRANSPORT AND HIGHWAYS,7,2061,222,0.908
AAP,POWER,10,830,790,0.906
RLP,"ENVIRONMENT, FOREST AND CLIMATE CHANGE",4,1809,145,0.906
DMK,STEEL,18,334,3537,0.905
IUML,FOOD PROCESSING INDUSTRIES,8,770,682,0.905
TDP,"ENVIRONMENT, FOREST AND CLIMATE CHANGE",60,1809,2178,0.904
NCP(SP),COMMUNICATIONS,12,1120,704,0.904
AIADMK,"MICRO, SMALL AND MEDIUM ENTERPRISES",12,1131,697,0.904
NCP(SP),HEALTH AND FAMILY WELFARE,38,3550,704,0.903
SS,INFORMATION AND BROADCASTING,8,465,1132,0.902
SS,SOCIAL JUSTICE AND EMPOWERMENT,18,1048,1132,0.901
BJP,COMMERCE AND INDUSTRY,470,1356,22881,0.9
CPI(M),AGRICULTURE AND FARMERS WELFARE,46,2754,1102,0.9
RJD,CORPORATE AFFAIRS,6,737,537,0.9
RLP,HOUSING AND URBAN AFFAIRS,4,1823,145,0.899
RLP,LAW AND JUSTICE,2,911,145,0.899
AJSU,SOCIAL JUSTICE AND EMPOWERMENT,1,1048,63,0.899
CPI(ML)(L),COAL,2,661,200,0.898
BJP,AGRICULTURE AND FARMERS WELFARE,952,2754,22881,0.897
AIADMK,CHEMICALS AND FERTILIZERS,13,1235,697,0.897
IND.,FINANCE,33,2253,971,0.896
JD(U),LAW AND JUSTICE,14,911,1018,0.896
CPI(ML)(L),NEW AND RENEWABLE ENERGY,3,995,200,0.895
AITC,PLANNING,9,235,2544,0.894
BRS,LABOUR AND EMPLOYMENT,7,1570,296,0.894
NOM.,TEXTILES,3,699,285,0.894
YSRCP,LABOUR AND EMPLOYMENT,30,1570,1271,0.893
CPI,"MICRO, SMALL AND MEDIUM ENTERPRISES",7,1131,412,0.892
INC,COMMUNICATIONS,188,1120,11184,0.891
SHS(UBT),ELECTRONICS AND INFORMATION TECHNOLOGY,10,971,686,0.891
UPPL,COMMUNICATIONS,2,1120,119,0.891
BJP,ROAD TRANSPORT AND HIGHWAYS,706,2061,22881,0.889
RJD,NEW AND RENEWABLE ENERGY,8,995,537,0.889
J&KNC,FINANCE,3,2253,89,0.888
IUML,LABOUR AND EMPLOYMENT,16,1570,682,0.887
TDP,ROAD TRANSPORT AND HIGHWAYS,67,2061,2178,0.886
LJSP(RV),ELECTRONICS AND INFORMATION TECHNOLOGY,4,971,276,0.886
BJP,ELECTRONICS AND INFORMATION TECHNOLOGY,331,971,22881,0.885
JMM,SOCIAL JUSTICE AND EMPOWERMENT,3,1048,192,0.885
JMM,TEXTILES,2,699,192,0.885
BJP,HEALTH AND FAMILY WELFARE,1209,3550,22881,0.884
DMK,CHEMICALS AND FERTILIZERS,65,1235,3537,0.884
AAP,EARTH SCIENCES,5,425,790,0.884
AITC,SPACE,9,238,2544,0.883
SHS(UBT),SKILL DEVELOPMENT AND ENTREPRENEURSHIP,9,882,686,0.883
LJSP(RV),COOPERATION,3,731,276,0.883
AITC,PETROLEUM AND NATURAL GAS,43,1138,2544,0.882
SS,SPACE,4,238,1132,0.882
INC,TEXTILES,116,699,11184,0.881
AIADMK,RAILWAYS,30,2900,697,0.881
BRS,PETROLEUM AND NATURAL GAS,5,1138,296,0.881
KC(M),JAL SHAKTI,4,1997,135,0.881
BRS,LAW AND JUSTICE,4,911,296,0.881
JSP,LAW AND JUSTICE,3,911,222,0.881
RLP,INFORMATION AND BROADCASTING,1,465,145,0.881
YSRCP,TRIBAL AFFAIRS,15,796,1271,0.88
VCK,LABOUR AND EMPLOYMENT,5,1570,215,0.88
BJP,RAILWAYS,982,2900,22881,0.879
TDP,DEFENCE,6,186,2178,0.879
ASP (KR),TRIBAL AFFAIRS,1,796,85,0.878
INC,"PORTS, SHIPPING AND WATERWAYS",127,769,11184,0.877
BJD,COOPERATION,11,731,1019,0.877
TDP,COMMUNICATIONS,36,1120,2178,0.876
CPI,"ENVIRONMENT, FOREST AND CLIMATE CHANGE",11,1809,412,0.876
LJSP(RV),CORPORATE AFFAIRS,3,737,276,0.876
AJSU,TOURISM,1,1076,63,0.876
IUML,NEW AND RENEWABLE ENERGY,10,995,682,0.875
RJD,AYUSH,9,1138,537,0.875
TDP,HEAVY INDUSTRIES,13,406,2178,0.873
IND.,LAW AND JUSTICE,13,911,971,0.873
NCP(SP),CIVIL AVIATION,22,2129,704,0.872
IUML,TEXTILES,7,699,682,0.872
JMM,CIVIL AVIATION,6,2129,192,0.872
JD(U),AYUSH,17,1138,1018,0.871
SP,NEW AND RENEWABLE ENERGY,34,995,2331,0.87
SHS(UBT),NEW AND RENEWABLE ENERGY,10,995,686,0.87
BJD,PARLIAMENTARY AFFAIRS,1,67,1019,0.87
INC,FOOD PROCESSING INDUSTRIES,126,770,11184,0.869
YSRCP,HEALTH AND FAMILY WELFARE,66,3550,1271,0.869
MDMK,HOUSING AND URBAN AFFAIRS,4,1823,150,0.869
SAD,LABOUR AND EMPLOYMENT,2,1570,87,0.869
AIADMK,ROAD TRANSPORT AND HIGHWAYS,21,2061,697,0.868
BJP,LABOUR AND EMPLOYMENT,524,1570,22881,0.866
SS,"CONSUMER AFFAIRS, FOOD AND PUBLIC DISTRIBUTION",22,1332,1132,0.866
IND.,WOMEN AND CHILD DEVELOPMENT,18,1271,971,0.866
BJP,"ENVIRONMENT, FOREST AND CLIMATE CHANGE",603,1809,22881,0.865
INC,HOUSING AND URBAN AFFAIRS,297,1823,11184,0.865
SP,ROAD TRANSPORT AND HIGHWAYS,70,2061,2331,0.865
BJP,DEFENCE,62,186,22881,0.865
BAP,NEW AND RENEWABLE ENERGY,2,995,138,0.865
AIMIM,"ENVIRONMENT, FOREST AND CLIMATE CHANGE",3,1809,114,0.864
MDMK,AGRICULTURE AND FARMERS WELFARE,6,2754,150,0.862
RJD,FOOD PROCESSING INDUSTRIES,6,770,537,0.862
BAP,JAL SHAKTI,4,1997,138,0.862
AGP,"MICRO, SMALL AND MEDIUM ENTERPRISES",1,1131,61,0.861
JD(U),SKILL DEVELOPMENT AND ENTREPRENEURSHIP,13,882,1018,0.86
SS,"PERSONNEL, PUBLIC GRIEVANCES AND PENSIONS",5,305,1132,0.86
SKM,LABOUR AND EMPLOYMENT,1,1570,44,0.86
TDP,FINANCE,71,2253,2178,0.859
IND.,CULTURE,15,1069,971,0.858
IUML,"PERSONNEL, PUBLIC GRIEVANCES AND PENSIONS",3,305,682,0.856
JMM,"ENVIRONMENT, FOREST AND CLIMATE CHANGE",5,1809,192,0.855
TDP,POWER,26,830,2178,0.854
BRS,PLANNING,1,235,296,0.854
IND.,SCIENCE AND TECHNOLOGY,6,430,971,0.853
AITC,CULTURE,39,1069,2544,0.852
J&KNC,LABOUR AND EMPLOYMENT,2,1570,89,0.85
RLM,JAL SHAKTI,1,1997,35,0.85
INC,CULTURE,171,1069,11184,0.849
SS,HOME AFFAIRS,17,1051,1132,0.848
LJSP(RV),HEALTH AND FAMILY WELFARE,14,3550,276,0.848
SHS(UBT),"FISHERIES, ANIMAL HUSBANDRY AND DAIRYING",10,1021,686,0.848
CPI(ML)(L),EDUCATION,8,2802,200,0.848
MDMK,EDUCATION,6,2802,150,0.848
RLP,RAILWAYS,6,2900,145,0.847
AITC,SOCIAL JUSTICE AND EMPOWERMENT,38,1048,2544,0.846
LJSP(RV),EDUCATION,11,2802,276,0.845
NCP(SP),TEXTILES,7,699,704,0.845
PMK,CIVIL AVIATION,1,2129,33,0.845
INC,POWER,132,830,11184,0.844
CPI(M),POWER,13,830,1102,0.844
JD(U),POWER,12,830,1018,0.843
BAP,"FISHERIES, ANIMAL HUSBANDRY AND DAIRYING",2,1021,138,0.843
AIADMK,LAW AND JUSTICE,9,911,697,0.842
RJD,HOME AFFAIRS,8,1051,537,0.842
ASP (KR),POWER,1,830,85,0.842
AITC,"CONSUMER AFFAIRS, FOOD AND PUBLIC DISTRIBUTION",48,1332,2544,0.841
SHS(UBT),CHEMICALS AND FERTILIZERS,12,1235,686,0.841
NCP,AGRICULTURE AND FARMERS WELFARE,8,2754,205,0.841
KEC,"CONSUMER AFFAIRS, FOOD AND PUBLIC DISTRIBUTION",1,1332,53,0.841
KC(M),LABOUR AND EMPLOYMENT,3,1570,135,0.84
NCP(SP),"ENVIRONMENT, FOREST AND CLIMATE CHANGE",18,1809,704,0.839
YSRCP,STEEL,6,334,1271,0.839
SS,FINANCE,36,2253,1132,0.838
SP,SKILL DEVELOPMENT AND ENTREPRENEURSHIP,29,882,2331,0.838
AAP,TOURISM,12,1076,790,0.838
LJSP(RV),FOOD PROCESSING INDUSTRIES,3,770,276,0.838
CPI(M),HEALTH AND FAMILY WELFARE,55,3550,1102,0.835
JD(U),SOCIAL JUSTICE AND EMPOWERMENT,15,1048,1018,0.835
LJSP(RV),ROAD TRANSPORT AND HIGHWAYS,8,2061,276,0.835
BAP,ROAD TRANSPORT AND HIGHWAYS,4,2061,138,0.835
INC,INFORMATION AND BROADCASTING,73,465,11184,0.834
AJSU,"MICRO, SMALL AND MEDIUM ENTERPRISES",1,1131,63,0.833
IUML,STATISTICS AND PROGRAMME IMPLEMENTATION,3,314,682,0.832
INC,SKILL DEVELOPMENT AND ENTREPRENEURSHIP,138,882,11184,0.831
RJD,"CONSUMER AFFAIRS, FOOD AND PUBLIC DISTRIBUTION",10,1332,537,0.83
NCP(SP),"PERSONNEL, PUBLIC GRIEVANCES AND PENSIONS",3,305,704,0.83
DMK,AGRICULTURE AND FARMERS WELFARE,136,2754,3537,0.829
INC,STATISTICS AND PROGRAMME IMPLEMENTATION,49,314,11184,0.829
IND.,EDUCATION,38,2802,971,0.829
CPI(M),CHEMICALS AND FERTILIZERS,19,1235,1102,0.829
DMDK,AGRICULTURE AND FARMERS WELFARE,1,2754,26,0.829
BJD,FINANCE,32,2253,1019,0.828
CPI(ML)(L),TOURISM,3,1076,200,0.828
DMK,NEW AND RENEWABLE ENERGY,49,995,3537,0.827
VCK,STEEL,1,334,215,0.827
CPI,SOCIAL JUSTICE AND EMPOWERMENT,6,1048,412,0.825
SP,HOUSING AND URBAN AFFAIRS,59,1823,2331,0.824
SHS(UBT),JAL SHAKTI,19,1997,686,0.824
BJD,"MICRO, SMALL AND MEDIUM ENTERPRISES",16,1131,1019,0.824
BRS,COOPERATION,3,731,296,0.823
RLP,NEW AND RENEWABLE ENERGY,2,995,145,0.823
RLM,ROAD TRANSPORT AND HIGHWAYS,1,2061,35,0.823
IND.,RAILWAYS,39,2900,971,0.822
SAD,POWER,1,830,87,0.822
JMM,"MICRO, SMALL AND MEDIUM ENTERPRISES",3,1131,192,0.82
BAP,HOME AFFAIRS,2,1051,138,0.819
CPI,DEVELOPMENT OF NORTH EASTERN REGION,1,176,412,0.819
BJP,EDUCATION,883,2802,22881,0.818
INC,"MICRO, SMALL AND MEDIUM ENTERPRISES",174,1131,11184,0.817
SP,HEAVY INDUSTRIES,13,406,2331,0.816
INC,DEVELOPMENT OF NORTH EASTERN REGION,27,176,11184,0.815
RJD,COMMERCE AND INDUSTRY,10,1356,537,0.815
VCK,COMMERCE AND INDUSTRY,4,1356,215,0.815
AAP,LABOUR AND EMPLOYMENT,17,1570,790,0.814
JD(U),PANCHAYATI RAJ,8,573,1018,0.814
BJD,PANCHAYATI RAJ,8,573,1019,0.814
AIADMK,STATISTICS AND PROGRAMME IMPLEMENTATION,3,314,697,0.814
KEC,AGRICULTURE AND FARMERS WELFARE,2,2754,53,0.814
NOM.,"PORTS, SHIPPING AND WATERWAYS",3,769,285,0.813
SS,COMMERCE AND INDUSTRY,21,1356,1132,0.812
IND.,COMMERCE AND INDUSTRY,18,1356,971,0.812
NOM.,FOOD PROCESSING INDUSTRIES,3,770,285,0.812
BJP,FINANCE,703,2253,22881,0.81
SHS(UBT),CULTURE,10,1069,686,0.81
INC,TOURISM,164,1076,11184,0.809
NCP(SP),COOPERATION,7,731,704,0.808
RLP,HEALTH AND FAMILY WELFARE,7,3550,145,0.808
AAP,INFORMATION AND BROADCASTING,5,465,790,0.808
AAP,DEFENCE,2,186,790,0.808
UPPL,CHEMICALS AND FERTILIZERS,2,1235,119,0.808
YSRCP,"CONSUMER AFFAIRS, FOOD AND PUBLIC DISTRIBUTION",23,1332,1271,0.807
DMK,ATOMIC ENERGY,21,437,3537,0.807
SS,LAW AND JUSTICE,14,911,1132,0.806
JD(U),TRIBAL AFFAIRS,11,796,1018,0.806
AITC,"MICRO, SMALL AND MEDIUM ENTERPRISES",39,1131,2544,0.805
AAP,COMMUNICATIONS,12,1120,790,0.805
DMK,COOPERATION,35,731,3537,0.804
AIADMK,WOMEN AND CHILD DEVELOPMENT,12,1271,697,0.804
SHS(UBT),TOURISM,10,1076,686,0.804
YSRCP,INFORMATION AND BROADCASTING,8,465,1271,0.804
BAP,MINORITY AFFAIRS,1,535,138,0.804
INC,ATOMIC ENERGY,66,437,11184,0.802
SP,SOCIAL JUSTICE AND EMPOWERMENT,33,1048,2331,0.802
INC,NEW AND RENEWABLE ENERGY,150,995,11184,0.8
LJSP(RV),TOURISM,4,1076,276,0.8
KEC,EDUCATION,2,2802,53,0.8
TDP,YOUTH AFFAIRS AND SPORTS,30,1024,2178,0.799
BJD,"FISHERIES, ANIMAL HUSBANDRY AND DAIRYING",14,1021,1019,0.799
PMK,FINANCE,1,2253,33,0.799
CPI(M),HOUSING AND URBAN AFFAIRS,27,1823,1102,0.798
DMK,TOURISM,51,1076,3537,0.796
Unknown,HOME AFFAIRS,2,1051,142,0.796
NOM.,SOCIAL JUSTICE AND EMPOWERMENT,4,1048,285,0.795
AIADMK,TOURISM,10,1076,697,0.792
RSP,RURAL DEVELOPMENT,2,1389,108,0.792
ASP (KR),SKILL DEVELOPMENT AND ENTREPRENEURSHIP,1,882,85,0.792
TDP,CULTURE,31,1069,2178,0.791
DMK,PANCHAYATI RAJ,27,573,3537,0.791
SS,TRIBAL AFFAIRS,12,796,1132,0.791
CPI(ML)(L),FINANCE,6,2253,200,0.791
DMK,JAL SHAKTI,94,1997,3537,0.79
AIADMK,ELECTRONICS AND INFORMATION TECHNOLOGY,9,971,697,0.79
NCP(SP),CULTURE,10,1069,704,0.789
IND.,INFORMATION AND BROADCASTING,6,465,971,0.789
BRS,WOMEN AND CHILD DEVELOPMENT,5,1271,296,0.789
AITC,AGRICULTURE AND FARMERS WELFARE,93,2754,2544,0.788
YSRCP,POWER,14,830,1271,0.788
SHS(UBT),"PORTS, SHIPPING AND WATERWAYS",7,769,686,0.788
VCK,HOME AFFAIRS,3,1051,215,0.788
CPI(ML)(L),"MICRO, SMALL AND MEDIUM ENTERPRISES",3,1131,200,0.788
DMDK,RAILWAYS,1,2900,26,0.788
NCP(SP),HOUSING AND URBAN AFFAIRS,17,1823,704,0.787
Unknown,CIVIL AVIATION,4,2129,142,0.786
BRS,"FISHERIES, ANIMAL HUSBANDRY AND DAIRYING",4,1021,296,0.786
KC(M),COMMUNICATIONS,2,1120,135,0.785
BRS,YOUTH AFFAIRS AND SPORTS,4,1024,296,0.784
RJD,WOMEN AND CHILD DEVELOPMENT,9,1271,537,0.783
RLP,LABOUR AND EMPLOYMENT,3,1570,145,0.783
AIMIM,JAL SHAKTI,3,1997,114,0.783
YSRCP,TOURISM,18,1076,1271,0.782
BRS,EXTERNAL AFFAIRS,4,1026,296,0.782
BRS,FOOD PROCESSING INDUSTRIES,3,770,296,0.782
LJSP(RV),AGRICULTURE AND FARMERS WELFARE,10,2754,276,0.781
MDMK,HEALTH AND FAMILY WELFARE,7,3550,150,0.781
KC(M),FINANCE,4,2253,135,0.781
SHS(UBT),"CONSUMER AFFAIRS, FOOD AND PUBLIC DISTRIBUTION",12,1332,686,0.78
INC,STEEL,49,334,11184,0.779
RLP,HOME AFFAIRS,2,1051,145,0.779
VCK,CIVIL AVIATION,6,2129,215,0.778
NCP,COMMUNICATIONS,3,1120,205,0.776
AIADMK,FOOD PROCESSING INDUSTRIES,7,770,697,0.775
AAP,ELECTRONICS AND INFORMATION TECHNOLOGY,10,971,790,0.774
RJD,MINES,3,429,537,0.773
INC,HEAVY INDUSTRIES,59,406,11184,0.772
RJD,PANCHAYATI RAJ,4,573,537,0.772
MDMK,EXTERNAL AFFAIRS,2,1026,150,0.772
SP,COAL,20,661,2331,0.771
AIADMK,NEW AND RENEWABLE ENERGY,9,995,697,0.771
JSP,RURAL DEVELOPMENT,4,1389,222,0.77
YSRCP,LAW AND JUSTICE,15,911,1271,0.769
AAP,WOMEN AND CHILD DEVELOPMENT,13,1271,790,0.769
RLP,CIVIL AVIATION,4,2129,145,0.769
JD(U),HOUSING AND URBAN AFFAIRS,24,1823,1018,0.768
DMK,HOME AFFAIRS,48,1051,3537,0.767
TDP,PETROLEUM AND NATURAL GAS,32,1138,2178,0.767
RLP,CULTURE,2,1069,145,0.766
SP,TEXTILES,21,699,2331,0.765
IUML,AYUSH,10,1138,682,0.765
IND.,COMMUNICATIONS,14,1120,971,0.764
BJD,"PERSONNEL, PUBLIC GRIEVANCES AND PENSIONS",4,305,1019,0.764
JSP,HOME AFFAIRS,3,1051,222,0.764
TDP,INFORMATION AND BROADCASTING,13,465,2178,0.762
DMK,"ENVIRONMENT, FOREST AND CLIMATE CHANGE",82,1809,3537,0.761
YSRCP,CORPORATE AFFAIRS,12,737,1271,0.761
BRS,RAILWAYS,11,2900,296,0.761
YSRCP,SCIENCE AND TECHNOLOGY,7,430,1271,0.761
CPI(M),EARTH SCIENCES,6,425,1102,0.761
RLP,TOURISM,2,1076,145,0.761
AITC,POWER,27,830,2544,0.759
Unknown,AGRICULTURE AND FARMERS WELFARE,5,2754,142,0.759
BJD,TOURISM,14,1076,1019,0.758
JD(U),FOOD PROCESSING INDUSTRIES,10,770,1018,0.758
KC(M),RAILWAYS,5,2900,135,0.758
BJP,MINORITY AFFAIRS,156,535,22881,0.757
BJD,FOOD PROCESSING INDUSTRIES,10,770,1019,0.757
LJSP(RV),PETROLEUM AND NATURAL GAS,4,1138,276,0.756
BAP,PETROLEUM AND NATURAL GAS,2,1138,138,0.756
BAP,AYUSH,2,1138,138,0.756
UPPL,COAL,1,661,119,0.755
IUML,WOMEN AND CHILD DEVELOPMENT,11,1271,682,0.754
YSRCP,DEFENCE,3,186,1271,0.754
BRS,"CONSUMER AFFAIRS, FOOD AND PUBLIC DISTRIBUTION",5,1332,296,0.753
DMK,CORPORATE AFFAIRS,33,737,3537,0.752
IND.,AYUSH,14,1138,971,0.752
BJD,INFORMATION AND BROADCASTING,6,465,1019,0.752
JSP,CULTURE,3,1069,222,0.751
SS,FOOD PROCESSING INDUSTRIES,11,770,1132,0.749
VCK,CORPORATE AFFAIRS,2,737,215,0.749
SAD,HOUSING AND URBAN AFFAIRS,2,1823,87,0.749
SP,YOUTH AFFAIRS AND SPORTS,30,1024,2331,0.746
Unknown,EDUCATION,5,2802,142,0.746
CPI,RAILWAYS,15,2900,412,0.745
NCP(SP),"FISHERIES, ANIMAL HUSBANDRY AND DAIRYING",9,1021,704,0.744
JD(U),LABOUR AND EMPLOYMENT,20,1570,1018,0.743
YSRCP,SKILL DEVELOPMENT AND ENTREPRENEURSHIP,14,882,1271,0.742
BJD,STATISTICS AND PROGRAMME IMPLEMENTATION,4,314,1019,0.742
AJSU,WOMEN AND CHILD DEVELOPMENT,1,1271,63,0.742
TDP,CORPORATE AFFAIRS,20,737,2178,0.74
BRS,COMMERCE AND INDUSTRY,5,1356,296,0.74
VCK,COMMUNICATIONS,3,1120,215,0.74
AAP,"PERSONNEL, PUBLIC GRIEVANCES AND PENSIONS",3,305,790,0.739
RLD,ROAD TRANSPORT AND HIGHWAYS,3,2061,117,0.739
DMK,AYUSH,50,1138,3537,0.738
J&KNC,"ENVIRONMENT, FOREST AND CLIMATE CHANGE",2,1809,89,0.738
AITC,CHEMICALS AND FERTILIZERS,39,1235,2544,0.737
RLD,AGRICULTURE AND FARMERS WELFARE,4,2754,117,0.737
INC,SPACE,33,238,11184,0.736
AAP,"FISHERIES, ANIMAL HUSBANDRY AND DAIRYING",10,1021,790,0.736
UPPL,COMMERCE AND INDUSTRY,2,1356,119,0.736
TDP,STEEL,9,334,2178,0.735
Unknown,AYUSH,2,1138,142,0.735
Unknown,PETROLEUM AND NATURAL GAS,2,1138,142,0.735
AAP,"MICRO, SMALL AND MEDIUM ENTERPRISES",11,1131,790,0.731
RLP,COMMUNICATIONS,2,1120,145,0.731
CPI(ML)(L),HEAVY INDUSTRIES,1,406,200,0.731
TDP,LABOUR AND EMPLOYMENT,42,1570,2178,0.729
JMM,EARTH SCIENCES,1,425,192,0.728
BJD,SKILL DEVELOPMENT AND ENTREPRENEURSHIP,11,882,1019,0.727
BAP,HEALTH AND FAMILY WELFARE,6,3550,138,0.727
NOM.,PANCHAYATI RAJ,2,573,285,0.727
NCP(SP),INFORMATION AND BROADCASTING,4,465,704,0.726
JSP,CORPORATE AFFAIRS,2,737,222,0.726
BRS,POWER,3,830,296,0.725
SP,"FISHERIES, ANIMAL HUSBANDRY AND DAIRYING",29,1021,2331,0.724
KC(M),HOUSING AND URBAN AFFAIRS,3,1823,135,0.724
INC,PLANNING,32,235,11184,0.723
ASP (KR),RAILWAYS,3,2900,85,0.723
SS,"FISHERIES, ANIMAL HUSBANDRY AND DAIRYING",14,1021,1132,0.719
ASP (KR),ELECTRONICS AND INFORMATION TECHNOLOGY,1,971,85,0.719
JD(S),AGRICULTURE AND FARMERS WELFARE,1,2754,30,0.719
JMM,SCIENCE AND TECHNOLOGY,1,430,192,0.719
AIADMK,FINANCE,19,2253,697,0.718
JD(U),COOPERATION,9,731,1018,0.718
JD(U),HEAVY INDUSTRIES,5,406,1018,0.718
TDP,"CONSUMER AFFAIRS, FOOD AND PUBLIC DISTRIBUTION",35,1332,2178,0.716
SS,EXTERNAL AFFAIRS,14,1026,1132,0.716
JSP,COMMUNICATIONS,3,1120,222,0.716
TDP,RAILWAYS,76,2900,2178,0.715
RSP,"PORTS, SHIPPING AND WATERWAYS",1,769,108,0.715
AAP,CORPORATE AFFAIRS,7,737,790,0.714
BAP,"ENVIRONMENT, FOREST AND CLIMATE CHANGE",3,1809,138,0.714
KEC,LABOUR AND EMPLOYMENT,1,1570,53,0.714
RSP,FOOD PROCESSING INDUSTRIES,1,770,108,0.714
SS,CORPORATE AFFAIRS,10,737,1132,0.712
CPI,HOUSING AND URBAN AFFAIRS,9,1823,412,0.712
UPPL,EDUCATION,4,2802,119,0.712
NCP(SP),FINANCE,19,2253,704,0.711
YSRCP,HOME AFFAIRS,16,1051,1271,0.711
SP,SCIENCE AND TECHNOLOGY,12,430,2331,0.711
SP,ELECTRONICS AND INFORMATION TECHNOLOGY,27,971,2331,0.708
JMM,ATOMIC ENERGY,1,437,192,0.708
AITC,YOUTH AFFAIRS AND SPORTS,31,1024,2544,0.707
AIMIM,CORPORATE AFFAIRS,1,737,114,0.707
INC,AYUSH,151,1138,11184,0.705
BRS,AYUSH,4,1138,296,0.705
JSP,AYUSH,3,1138,222,0.705
IND.,HOUSING AND URBAN AFFAIRS,21,1823,971,0.704
BJD,RAILWAYS,35,2900,1019,0.703
YSRCP,JAL SHAKTI,30,1997,1271,0.702
ASP (KR),NEW AND RENEWABLE ENERGY,1,995,85,0.702
IND.,LABOUR AND EMPLOYMENT,18,1570,971,0.701
CPI(M),"PORTS, SHIPPING AND WATERWAYS",10,769,1102,0.701
JMM,SKILL DEVELOPMENT AND ENTREPRENEURSHIP,2,882,192,0.701
BJD,JAL SHAKTI,24,1997,1019,0.7
BRS,PANCHAYATI RAJ,2,573,296,0.7
IND.,PETROLEUM AND NATURAL GAS,13,1138,971,0.699
CPI(ML)(L),EARTH SCIENCES,1,425,200,0.699
YSRCP,WOMEN AND CHILD DEVELOPMENT,19,1271,1271,0.698
SP,COOPERATION,20,731,2331,0.697
BAP,CHEMICALS AND FERTILIZERS,2,1235,138,0.697
DMK,TRIBAL AFFAIRS,33,796,3537,0.696
JSP,"PORTS, SHIPPING AND WATERWAYS",2,769,222,0.696
MDMK,AYUSH,2,1138,150,0.696
MDMK,PETROLEUM AND NATURAL GAS,2,1138,150,0.696
CPI(M),TEXTILES,9,699,1102,0.694
AIADMK,CORPORATE AFFAIRS,6,737,697,0.694
RLD,COOPERATION,1,731,117,0.694
CPI(ML)(L),MINES,1,429,200,0.692
BJP,EXTERNAL AFFAIRS,273,1026,22881,0.691
INC,SCIENCE AND TECHNOLOGY,56,430,11184,0.691
RJD,COMMUNICATIONS,7,1120,537,0.691
CPI(ML)(L),SCIENCE AND TECHNOLOGY,1,430,200,0.69
SHS(UBT),"MICRO, SMALL AND MEDIUM ENTERPRISES",9,1131,686,0.689
RLD,CORPORATE AFFAIRS,1,737,117,0.689
AAP,ATOMIC ENERGY,4,437,790,0.688
TDP,RURAL DEVELOPMENT,35,1389,2178,0.687
SHS(UBT),RURAL DEVELOPMENT,11,1389,686,0.686
JD(U),EARTH SCIENCES,5,425,1018,0.686
AAP,"PORTS, SHIPPING AND WATERWAYS",7,769,790,0.684
SS,TOURISM,14,1076,1132,0.683
ASP (KR),YOUTH AFFAIRS AND SPORTS,1,1024,85,0.682
JSP,LABOUR AND EMPLOYMENT,4,1570,222,0.681
ASP (KR),EXTERNAL AFFAIRS,1,1026,85,0.681
JMM,HOUSING AND URBAN AFFAIRS,4,1823,192,0.679
CPI(M),SPACE,3,238,1102,0.679
NCP(SP),NEW AND RENEWABLE ENERGY,8,995,704,0.678
ASP (KR),ROAD TRANSPORT AND HIGHWAYS,2,2061,85,0.678
CPI(M),TRIBAL AFFAIRS,10,796,1102,0.677
CPI,CULTURE,5,1069,412,0.674
NCP,SCIENCE AND TECHNOLOGY,1,430,205,0.674
CPI(ML)(L),SKILL DEVELOPMENT AND ENTREPRENEURSHIP,2,882,200,0.673
J&KNC,NEW AND RENEWABLE ENERGY,1,995,89,0.671
JSP,JAL SHAKTI,5,1997,222,0.67
AITC,TEXTILES,20,699,2544,0.668
LJSP(RV),FINANCE,7,2253,276,0.668
SS,STATISTICS AND PROGRAMME IMPLEMENTATION,4,314,1132,0.668
CPI(M),HOME AFFAIRS,13,1051,1102,0.667
BJD,SOCIAL JUSTICE AND EMPOWERMENT,12,1048,1019,0.667
JD(U),ATOMIC ENERGY,5,437,1018,0.667
BJD,ATOMIC ENERGY,5,437,1019,0.667
SS,YOUTH AFFAIRS AND SPORTS,13,1024,1132,0.666
JMM,INFORMATION AND BROADCASTING,1,465,192,0.665
NOM.,LABOUR AND EMPLOYMENT,5,1570,285,0.664
NCP,ATOMIC ENERGY,1,437,205,0.663
TDP,MINORITY AFFAIRS,13,535,2178,0.662
RJD,STEEL,2,334,537,0.662
SHS(UBT),SOCIAL JUSTICE AND EMPOWERMENT,8,1048,686,0.661
DMK,COAL,26,661,3537,0.66
JSP,HEAVY INDUSTRIES,1,406,222,0.659
CPI(M),PANCHAYATI RAJ,7,573,1102,0.658
NCP(SP),"PORTS, SHIPPING AND WATERWAYS",6,769,704,0.658
SAD,SOCIAL JUSTICE AND EMPOWERMENT,1,1048,87,0.651
VCK,EARTH SCIENCES,1,425,215,0.65
ASP (KR),TOURISM,1,1076,85,0.649
UPPL,"PORTS, SHIPPING AND WATERWAYS",1,769,119,0.649
SP,"ENVIRONMENT, FOREST AND CLIMATE CHANGE",46,1809,2331,0.648
AIADMK,HOME AFFAIRS,8,1051,697,0.648
IND.,COAL,7,661,971,0.648
NOM.,FINANCE,7,2253,285,0.647
RJD,EXTERNAL AFFAIRS,6,1026,537,0.647
SHS(UBT),MINORITY AFFAIRS,4,535,686,0.647
RLD,LABOUR AND EMPLOYMENT,2,1570,117,0.647
AITC,TRIBAL AFFAIRS,22,796,2544,0.645
BJD,COMMERCE AND INDUSTRY,15,1356,1019,0.645
BJD,NEW AND RENEWABLE ENERGY,11,995,1019,0.644
NCP(SP),SOCIAL JUSTICE AND EMPOWERMENT,8,1048,704,0.644
VCK,MINES,1,429,215,0.644
CPI,COMMUNICATIONS,5,1120,412,0.643
PMK,EDUCATION,1,2802,33,0.642
MDMK,CHEMICALS AND FERTILIZERS,2,1235,150,0.641
SHS(UBT),HEAVY INDUSTRIES,3,406,686,0.64
AAP,PLANNING,2,235,790,0.64
SP,COMMERCE AND INDUSTRY,34,1356,2331,0.639
BRS,STATISTICS AND PROGRAMME IMPLEMENTATION,1,314,296,0.639
JMM,ELECTRONICS AND INFORMATION TECHNOLOGY,2,971,192,0.637
CPI,AYUSH,5,1138,412,0.633
AIADMK,HEAVY INDUSTRIES,3,406,697,0.63
BJD,RURAL DEVELOPMENT,15,1389,1019,0.629
LJSP(RV),EXTERNAL AFFAIRS,3,1026,276,0.629
JD(U),DEFENCE,2,186,1018,0.627
ASP (KR),COMMUNICATIONS,1,1120,85,0.624
TDP,HOME AFFAIRS,24,1051,2178,0.623
BRS,FINANCE,7,2253,296,0.623
RSP,SKILL DEVELOPMENT AND ENTREPRENEURSHIP,1,882,108,0.623
IND.,AGRICULTURE AND FARMERS WELFARE,28,2754,971,0.622
VCK,"CONSUMER AFFAIRS, FOOD AND PUBLIC DISTRIBUTION",3,1332,215,0.622
DMK,HEAVY INDUSTRIES,15,406,3537,0.62
CPI,INFORMATION AND BROADCASTING,2,465,412,0.62
TDP,PANCHAYATI RAJ,13,573,2178,0.619
CPI(M),"MICRO, SMALL AND MEDIUM ENTERPRISES",13,1131,1102,0.619
CPI,TEXTILES,3,699,412,0.619
RJD,TOURISM,6,1076,537,0.617
CPI(M),ATOMIC ENERGY,5,437,1102,0.617
AIADMK,POWER,6,830,697,0.616
BAP,TEXTILES,1,699,138,0.616
SP,COMMUNICATIONS,27,1120,2331,0.614
BAP,EDUCATION,4,2802,138,0.614
ASP (KR),PETROLEUM AND NATURAL GAS,1,1138,85,0.614
YSRCP,MINORITY AFFAIRS,7,535,1271,0.611
CPI(M),ELECTRONICS AND INFORMATION TECHNOLOGY,11,971,1102,0.61
BJD,HOME AFFAIRS,11,1051,1019,0.61
SS,SCIENCE AND TECHNOLOGY,5,430,1132,0.61
AIADMK,TEXTILES,5,699,697,0.609
LJSP(RV),CIVIL AVIATION,6,2129,276,0.606
VCK,LAW AND JUSTICE,2,911,215,0.606
AAP,NEW AND RENEWABLE ENERGY,8,995,790,0.604
SHS(UBT),PANCHAYATI RAJ,4,573,686,0.604
JMM,EXTERNAL AFFAIRS,2,1026,192,0.603
AITC,COAL,17,661,2544,0.6
BJD,ELECTRONICS AND INFORMATION TECHNOLOGY,10,971,1019,0.6
JMM,ROAD TRANSPORT AND HIGHWAYS,4,2061,192,0.6
TDP,AYUSH,25,1138,2178,0.599
SKM,FINANCE,1,2253,44,0.599
Unknown,TEXTILES,1,699,142,0.598
KC(M),CORPORATE AFFAIRS,1,737,135,0.597
J&KNC,COMMUNICATIONS,1,1120,89,0.596
AAP,RURAL DEVELOPMENT,11,1389,790,0.595
NOM.,HOME AFFAIRS,3,1051,285,0.595
BJD,LABOUR AND EMPLOYMENT,16,1570,1019,0.594
SP,MINES,10,429,2331,0.594
MDMK,"CONSUMER AFFAIRS, FOOD AND PUBLIC DISTRIBUTION",2,1332,150,0.594
SP,TOURISM,25,1076,2331,0.592
SHS(UBT),COOPERATION,5,731,686,0.592
AIMIM,SKILL DEVELOPMENT AND ENTREPRENEURSHIP,1,882,114,0.591
LJSP(RV),HOUSING AND URBAN AFFAIRS,5,1823,276,0.59
NOM.,CIVIL AVIATION,6,2129,285,0.587
IND.,SOCIAL JUSTICE AND EMPOWERMENT,10,1048,971,0.584
SP,ATOMIC ENERGY,10,437,2331,0.583
AIADMK,COOPERATION,5,731,697,0.583
AITC,SKILL DEVELOPMENT AND ENTREPRENEURSHIP,22,882,2544,0.582
CPI(ML)(L),YOUTH AFFAIRS AND SPORTS,2,1024,200,0.58
NCP(SP),ATOMIC ENERGY,3,437,704,0.579
AITC,FOOD PROCESSING INDUSTRIES,19,770,2544,0.576
IND.,EARTH SCIENCES,4,425,971,0.576
JSP,INFORMATION AND BROADCASTING,1,465,222,0.575
BJD,HEAVY INDUSTRIES,4,406,1019,0.574
BRS,SOCIAL JUSTICE AND EMPOWERMENT,3,1048,296,0.574
AAP,HOME AFFAIRS,8,1051,790,0.572
IND.,MINORITY AFFAIRS,5,535,971,0.572
AIMIM,LAW AND JUSTICE,1,911,114,0.572
KC(M),"PORTS, SHIPPING AND WATERWAYS",1,769,135,0.572
CPI(M),COAL,7,661,1102,0.571
LJSP(RV),"MICRO, SMALL AND MEDIUM ENTERPRISES",3,1131,276,0.571
JD(U),YOUTH AFFAIRS AND SPORTS,10,1024,1018,0.57
MDMK,RURAL DEVELOPMENT,2,1389,150,0.57
CPI(M),JAL SHAKTI,21,1997,1102,0.567
CPI,WOMEN AND CHILD DEVELOPMENT,5,1271,412,0.567
LJSP(RV),AYUSH,3,1138,276,0.567
AIMIM,AGRICULTURE AND FARMERS WELFARE,3,2754,114,0.567
NCP,"FISHERIES, ANIMAL HUSBANDRY AND DAIRYING",2,1021,205,0.567
Unknown,CORPORATE AFFAIRS,1,737,142,0.567
IUML,"PORTS, SHIPPING AND WATERWAYS",5,769,682,0.566
NCP,YOUTH AFFAIRS AND SPORTS,2,1024,205,0.566
UPPL,SKILL DEVELOPMENT AND ENTREPRENEURSHIP,1,882,119,0.566
AITC,TOURISM,26,1076,2544,0.564
IUML,RURAL DEVELOPMENT,9,1389,682,0.564
BJD,POWER,8,830,1019,0.562
NCP,ROAD TRANSPORT AND HIGHWAYS,4,2061,205,0.562
CPI,ROAD TRANSPORT AND HIGHWAYS,8,2061,412,0.559
JD(U),STATISTICS AND PROGRAMME IMPLEMENTATION,3,314,1018,0.557
Unknown,FINANCE,3,2253,142,0.557
RLD,HOUSING AND URBAN AFFAIRS,2,1823,117,0.557
RLD,LAW AND JUSTICE,1,911,117,0.557
NCP(SP),LAW AND JUSTICE,6,911,704,0.556
RLP,CORPORATE AFFAIRS,1,737,145,0.556
CPI(M),TOURISM,11,1076,1102,0.551
SP,CIVIL AVIATION,46,2129,2331,0.55
AIADMK,INFORMATION AND BROADCASTING,3,465,697,0.55
JMM,FINANCE,4,2253,192,0.549
IND.,STEEL,3,334,971,0.549
SP,CULTURE,23,1069,2331,0.548
SP,INFORMATION AND BROADCASTING,10,465,2331,0.548
AGP,HEALTH AND FAMILY WELFARE,2,3550,61,0.548
YSRCP,MINES,5,429,1271,0.545
JD(U),MINES,4,429,1018,0.544
RLD,EDUCATION,3,2802,117,0.543
RJD,"FISHERIES, ANIMAL HUSBANDRY AND DAIRYING",5,1021,537,0.542
NCP,CULTURE,2,1069,205,0.542
JD(U),ELECTRONICS AND INFORMATION TECHNOLOGY,9,971,1018,0.541
JMM,PANCHAYATI RAJ,1,573,192,0.54
AIMIM,RAILWAYS,3,2900,114,0.539
YSRCP,RURAL DEVELOPMENT,16,1389,1271,0.538
VCK,EXTERNAL AFFAIRS,2,1026,215,0.538
SP,AYUSH,24,1138,2331,0.537
BRS,COMMUNICATIONS,3,1120,296,0.537
NCP(SP),STATISTICS AND PROGRAMME IMPLEMENTATION,2,314,704,0.537
VCK,ROAD TRANSPORT AND HIGHWAYS,4,2061,215,0.536
AIADMK,TRIBAL AFFAIRS,5,796,697,0.535
RJD,POWER,4,830,537,0.533
YSRCP,RAILWAYS,33,2900,1271,0.532
CPI(M),HEAVY INDUSTRIES,4,406,1102,0.531
LJSP(RV),HEAVY INDUSTRIES,1,406,276,0.53
CPI(M),"FISHERIES, ANIMAL HUSBANDRY AND DAIRYING",10,1021,1102,0.528
KEC,CIVIL AVIATION,1,2129,53,0.526
IND.,TEXTILES,6,699,971,0.525
NOM.,TRIBAL AFFAIRS,2,796,285,0.524
AIMIM,NEW AND RENEWABLE ENERGY,1,995,114,0.524
ASP (KR),"CONSUMER AFFAIRS, FOOD AND PUBLIC DISTRIBUTION",1,1332,85,0.524
CPI(ML)(L),PETROLEUM AND NATURAL GAS,2,1138,200,0.522
CPI(M),AYUSH,11,1138,1102,0.521
AJSU,HOUSING AND URBAN AFFAIRS,1,1823,63,0.517
JD(U),"MICRO, SMALL AND MEDIUM ENTERPRISES",10,1131,1018,0.516
UPPL,RAILWAYS,3,2900,119,0.516
MDMK,"PORTS, SHIPPING AND WATERWAYS",1,769,150,0.515
NOM.,HEAVY INDUSTRIES,1,406,285,0.513
SP,TRIBAL AFFAIRS,16,796,2331,0.512
BJD,YOUTH AFFAIRS AND SPORTS,9,1024,1019,0.512
AITC,COOPERATION,16,731,2544,0.511
RSP,TOURISM,1,1076,108,0.511
AIMIM,"FISHERIES, ANIMAL HUSBANDRY AND DAIRYING",1,1021,114,0.51
RLD,NEW AND RENEWABLE ENERGY,1,995,117,0.51
SP,HOME AFFAIRS,21,1051,2331,0.509
NCP,AYUSH,2,1138,205,0.509
ASP (KR),AGRICULTURE AND FARMERS WELFARE,2,2754,85,0.507
PMK,HEALTH AND FAMILY WELFARE,1,3550,33,0.507
CPI(M),CULTURE,10,1069,1102,0.504
BRS,TRIBAL AFFAIRS,2,796,296,0.504
AIADMK,COMMERCE AND INDUSTRY,8,1356,697,0.503
NOM.,RAILWAYS,7,2900,285,0.503
JSP,CIVIL AVIATION,4,2129,222,0.503
SAD,COMMERCE AND INDUSTRY,1,1356,87,0.503
YSRCP,YOUTH AFFAIRS AND SPORTS,11,1024,1271,0.502
SS,COOPERATION,7,731,1132,0.502
AITC,DEFENCE,4,186,2544,0.502
CPI(M),MINES,4,429,1102,0.502
JD(U),INFORMATION AND BROADCASTING,4,465,1018,0.502
NOM.,POWER,2,830,285,0.502
CPI(M),SCIENCE AND TECHNOLOGY,4,430,1102,0.501
RJD,SKILL DEVELOPMENT AND ENTREPRENEURSHIP,4,882,537,0.501
JMM,CHEMICALS AND FERTILIZERS,2,1235,192,0.501
LJSP(RV),SCIENCE AND TECHNOLOGY,1,430,276,0.5
JSP,MINORITY AFFAIRS,1,535,222,0.5
RLD,"FISHERIES, ANIMAL HUSBANDRY AND DAIRYING",1,1021,117,0.497
SHS(UBT),TEXTILES,4,699,686,0.495
RLD,EXTERNAL AFFAIRS,1,1026,117,0.495
AITC,NEW AND RENEWABLE ENERGY,21,995,2544,0.493
NOM.,WOMEN AND CHILD DEVELOPMENT,3,1271,285,0.492
J&KNC,COMMERCE AND INDUSTRY,1,1356,89,0.492
RSP,COMMUNICATIONS,1,1120,108,0.491
YSRCP,SOCIAL JUSTICE AND EMPOWERMENT,11,1048,1271,0.49
CPI,SKILL DEVELOPMENT AND ENTREPRENEURSHIP,3,882,412,0.49
AITC,SCIENCE AND TECHNOLOGY,9,430,2544,0.489
AIADMK,SOCIAL JUSTICE AND EMPOWERMENT,6,1048,697,0.488
INC,COOPERATION,67,731,11184,0.487
NOM.,MINES,1,429,285,0.486
YSRCP,FOOD PROCESSING INDUSTRIES,8,770,1271,0.485
NOM.,SCIENCE AND TECHNOLOGY,1,430,285,0.485
AIMIM,TOURISM,1,1076,114,0.484
AIADMK,DEVELOPMENT OF NORTH EASTERN REGION,1,176,697,0.484
RLD,HOME AFFAIRS,1,1051,117,0.483
KC(M),LAW AND JUSTICE,1,911,135,0.483
IUML,JAL SHAKTI,11,1997,682,0.48
AIADMK,CULTURE,6,1069,697,0.478
AIADMK,MINORITY AFFAIRS,3,535,697,0.478
RLD,CIVIL AVIATION,2,2129,117,0.477
VCK,RAILWAYS,5,2900,215,0.476
CPI(M),YOUTH AFFAIRS AND SPORTS,9,1024,1102,0.474
IUML,CORPORATE AFFAIRS,4,737,682,0.473
JSP,"MICRO, SMALL AND MEDIUM ENTERPRISES",2,1131,222,0.473
CPI,"PERSONNEL, PUBLIC GRIEVANCES AND PENSIONS",1,305,412,0.473
NOM.,SKILL DEVELOPMENT AND ENTREPRENEURSHIP,2,882,285,0.472
BRS,EARTH SCIENCES,1,425,296,0.472
JD(U),NEW AND RENEWABLE ENERGY,8,995,1018,0.469
BAP,AGRICULTURE AND FARMERS WELFARE,3,2754,138,0.469
UPPL,CIVIL AVIATION,2,2129,119,0.469
UPPL,CULTURE,1,1069,119,0.467
SKM,RAILWAYS,1,2900,44,0.465
SHS(UBT),DEFENCE,1,186,686,0.465
CPI(M),PLANNING,2,235,1102,0.459
Unknown,LAW AND JUSTICE,1,911,142,0.459
NOM.,LAW AND JUSTICE,2,911,285,0.457
AITC,"PORTS, SHIPPING AND WATERWAYS",15,769,2544,0.455
VCK,HOUSING AND URBAN AFFAIRS,3,1823,215,0.455
RLD,COMMUNICATIONS,1,1120,117,0.453
SHS(UBT),FOOD PROCESSING INDUSTRIES,4,770,686,0.45
RLD,"MICRO, SMALL AND MEDIUM ENTERPRISES",1,1131,117,0.449
TDP,COOPERATION,12,731,2178,0.448
NOM.,INFORMATION AND BROADCASTING,1,465,285,0.448
YSRCP,STATISTICS AND PROGRAMME IMPLEMENTATION,3,314,1271,0.446
UPPL,FINANCE,2,2253,119,0.443
AJSU,CIVIL AVIATION,1,2129,63,0.443
DMK,"PERSONNEL, PUBLIC GRIEVANCES AND PENSIONS",8,305,3537,0.44
AITC,EARTH SCIENCES,8,425,2544,0.439
MDMK,"ENVIRONMENT, FOREST AND CLIMATE CHANGE",2,1809,150,0.438
CPI(ML)(L),COMMERCE AND INDUSTRY,2,1356,200,0.438
UPPL,PETROLEUM AND NATURAL GAS,1,1138,119,0.438
NCP,COAL,1,661,205,0.438
CPI,COAL,2,661,412,0.436
Unknown,RAILWAYS,3,2900,142,0.433
AGP,FINANCE,1,2253,61,0.432
RJD,"PORTS, SHIPPING AND WATERWAYS",3,769,537,0.431
Unknown,ELECTRONICS AND INFORMATION TECHNOLOGY,1,971,142,0.431
KC(M),YOUTH AFFAIRS AND SPORTS,1,1024,135,0.43
AAP,SKILL DEVELOPMENT AND ENTREPRENEURSHIP,5,882,790,0.426
TDP,EXTERNAL AFFAIRS,16,1026,2178,0.425
IUML,CHEMICALS AND FERTILIZERS,6,1235,682,0.423
JMM,COOPERATION,1,731,192,0.423
AAP,CULTURE,6,1069,790,0.422
RLP,ELECTRONICS AND INFORMATION TECHNOLOGY,1,971,145,0.422
CPI(M),FOOD PROCESSING INDUSTRIES,6,770,1102,0.42
Unknown,NEW AND RENEWABLE ENERGY,1,995,142,0.42
JD(U),"ENVIRONMENT, FOREST AND CLIMATE CHANGE",13,1809,1018,0.419
NOM.,NEW AND RENEWABLE ENERGY,2,995,285,0.419
CPI(ML)(L),CIVIL AVIATION,3,2129,200,0.418
VCK,COAL,1,661,215,0.418
AJSU,FINANCE,1,2253,63,0.418
RJD,TRIBAL AFFAIRS,3,796,537,0.417
NCP,RURAL DEVELOPMENT,2,1389,205,0.417
YSRCP,EXTERNAL AFFAIRS,9,1026,1271,0.41
AIMIM,WOMEN AND CHILD DEVELOPMENT,1,1271,114,0.41
Unknown,"FISHERIES, ANIMAL HUSBANDRY AND DAIRYING",1,1021,142,0.41
LJSP(RV),HOME AFFAIRS,2,1051,276,0.409
KC(M),TOURISM,1,1076,135,0.409
Unknown,YOUTH AFFAIRS AND SPORTS,1,1024,142,0.408
Unknown,EXTERNAL AFFAIRS,1,1026,142,0.408
NOM.,YOUTH AFFAIRS AND SPORTS,2,1024,285,0.407
TDP,PARLIAMENTARY AFFAIRS,1,67,2178,0.407
NOM.,EXTERNAL AFFAIRS,2,1026,285,0.406
NOM.,ROAD TRANSPORT AND HIGHWAYS,4,2061,285,0.404
SHS(UBT),MINES,2,429,686,0.404
BRS,JAL SHAKTI,4,1997,296,0.402
CPI,TOURISM,3,1076,412,0.402
YSRCP,TEXTILES,6,699,1271,0.401
AIADMK,EARTH SCIENCES,2,425,697,0.401
BAP,TOURISM,1,1076,138,0.4
RLP,EXTERNAL AFFAIRS,1,1026,145,0.399
RLD,WOMEN AND CHILD DEVELOPMENT,1,1271,117,0.399
IUML,ATOMIC ENERGY,2,437,682,0.398
MDMK,NEW AND RENEWABLE ENERGY,1,995,150,0.398
NCP,COOPERATION,1,731,205,0.396
IUML,COAL,3,661,682,0.395
VCK,TEXTILES,1,699,215,0.395
CPI,COOPERATION,2,731,412,0.394
YSRCP,CULTURE,9,1069,1271,0.393
NCP(SP),MINES,2,429,704,0.393
NCP,CORPORATE AFFAIRS,1,737,205,0.393
AIMIM,"CONSUMER AFFAIRS, FOOD AND PUBLIC DISTRIBUTION",1,1332,114,0.391
AITC,AYUSH,19,1138,2544,0.39
MDMK,"FISHERIES, ANIMAL HUSBANDRY AND DAIRYING",1,1021,150,0.388
ASP (KR),"ENVIRONMENT, FOREST AND CLIMATE CHANGE",1,1809,85,0.386
JSP,TEXTILES,1,699,222,0.383
JD(U),"PERSONNEL, PUBLIC GRIEVANCES AND PENSIONS",2,305,1018,0.382
BRS,HOME AFFAIRS,2,1051,296,0.382
SHS(UBT),AYUSH,5,1138,686,0.38
SP,PARLIAMENTARY AFFAIRS,1,67,2331,0.38
AAP,TRIBAL AFFAIRS,4,796,790,0.378
VCK,COOPERATION,1,731,215,0.378
MDMK,SOCIAL JUSTICE AND EMPOWERMENT,1,1048,150,0.378
MDMK,HOME AFFAIRS,1,1051,150,0.377
BRS,MINORITY AFFAIRS,1,535,296,0.375
RLD,COMMERCE AND INDUSTRY,1,1356,117,0.374
JMM,POWER,1,830,192,0.373
SS,PETROLEUM AND NATURAL GAS,8,1138,1132,0.369
JSP,RAILWAYS,4,2900,222,0.369
SS,MINES,3,429,1132,0.367
SHS(UBT),SPACE,1,238,686,0.364
UPPL,AGRICULTURE AND FARMERS WELFARE,2,2754,119,0.362
SP,EARTH SCIENCES,6,425,2331,0.36
NCP(SP),PLANNING,1,235,704,0.359
VCK,"PORTS, SHIPPING AND WATERWAYS",1,769,215,0.359
CPI(ML)(L),POWER,1,830,200,0.358
AIADMK,SPACE,1,238,697,0.358
DMK,PLANNING,5,235,3537,0.357
NCP(SP),SPACE,1,238,704,0.354
MDMK,COMMUNICATIONS,1,1120,150,0.353
ASP (KR),JAL SHAKTI,1,1997,85,0.35
BJD,HEALTH AND FAMILY WELFARE,21,3550,1019,0.345
AJSU,AGRICULTURE AND FARMERS WELFARE,1,2754,63,0.342
JMM,LAW AND JUSTICE,1,911,192,0.339
RJD,COAL,2,661,537,0.335
SP,"PORTS, SHIPPING AND WATERWAYS",10,769,2331,0.331
SAD,ROAD TRANSPORT AND HIGHWAYS,1,2061,87,0.331
TDP,COAL,8,661,2178,0.33
AAP,PETROLEUM AND NATURAL GAS,5,1138,790,0.33
IND.,DEFENCE,1,186,971,0.329
ASP (KR),CIVIL AVIATION,1,2129,85,0.328
SHS(UBT),TRIBAL AFFAIRS,3,796,686,0.326
LJSP(RV),COAL,1,661,276,0.325
RJD,YOUTH AFFAIRS AND SPORTS,3,1024,537,0.324
BAP,"CONSUMER AFFAIRS, FOOD AND PUBLIC DISTRIBUTION",1,1332,138,0.323
SAD,CIVIL AVIATION,1,2129,87,0.321
TDP,CIVIL AVIATION,25,2129,2178,0.32
IND.,FOOD PROCESSING INDUSTRIES,4,770,971,0.318
NCP,LAW AND JUSTICE,1,911,205,0.318
CPI,LAW AND JUSTICE,2,911,412,0.316
IUML,POWER,3,830,682,0.315
SS,STEEL,2,334,1132,0.314
DMK,MINES,8,429,3537,0.313
VCK,SKILL DEVELOPMENT AND ENTREPRENEURSHIP,1,882,215,0.313
J&KNC,CIVIL AVIATION,1,2129,89,0.313
CPI(M),DEVELOPMENT OF NORTH EASTERN REGION,1,176,1102,0.306
CPI(ML)(L),ELECTRONICS AND INFORMATION TECHNOLOGY,1,971,200,0.306
CPI(M),SKILL DEVELOPMENT AND ENTREPRENEURSHIP,5,882,1102,0.305
VCK,"ENVIRONMENT, FOREST AND CLIMATE CHANGE",2,1809,215,0.305
IUML,PANCHAYATI RAJ,2,573,682,0.304
RSP,"ENVIRONMENT, FOREST AND CLIMATE CHANGE",1,1809,108,0.304
JMM,"FISHERIES, ANIMAL HUSBANDRY AND DAIRYING",1,1021,192,0.303
JMM,YOUTH AFFAIRS AND SPORTS,1,1024,192,0.302
RSP,HOUSING AND URBAN AFFAIRS,1,1823,108,0.302
NCP,ELECTRONICS AND INFORMATION TECHNOLOGY,1,971,205,0.298
CPI,ELECTRONICS AND INFORMATION TECHNOLOGY,2,971,412,0.297
NCP(SP),PETROLEUM AND NATURAL GAS,4,1138,704,0.296
CPI(M),COOPERATION,4,731,1102,0.295
RLP,EDUCATION,2,2802,145,0.292
BRS,RURAL DEVELOPMENT,2,1389,296,0.289
JMM,TOURISM,1,1076,192,0.287
AITC,PANCHAYATI RAJ,7,573,2544,0.285
CPI,YOUTH AFFAIRS AND SPORTS,2,1024,412,0.282
NCP,EXTERNAL AFFAIRS,1,1026,205,0.282
VCK,NEW AND RENEWABLE ENERGY,1,995,215,0.278
CPI(ML)(L),CULTURE,1,1069,200,0.278
SHS(UBT),STATISTICS AND PROGRAMME IMPLEMENTATION,1,314,686,0.276
RJD,HEAVY INDUSTRIES,1,406,537,0.272
JMM,PETROLEUM AND NATURAL GAS,1,1138,192,0.272
VCK,YOUTH AFFAIRS AND SPORTS,1,1024,215,0.27
AITC,ATOMIC ENERGY,5,437,2544,0.267
YSRCP,DEVELOPMENT OF NORTH EASTERN REGION,1,176,1271,0.265
CPI(ML)(L),COMMUNICATIONS,1,1120,200,0.265
IUML,STEEL,1,334,682,0.261
BRS,"PORTS, SHIPPING AND WATERWAYS",1,769,296,0.261
TDP,STATISTICS AND PROGRAMME IMPLEMENTATION,3,314,2178,0.26
RJD,EARTH SCIENCES,1,425,537,0.26
SHS(UBT),STEEL,1,334,686,0.259
RSP,CIVIL AVIATION,1,2129,108,0.258
RJD,SCIENCE AND TECHNOLOGY,1,430,537,0.257
JSP,SOCIAL JUSTICE AND EMPOWERMENT,1,1048,222,0.255
AIADMK,STEEL,1,334,697,0.255
CPI,PANCHAYATI RAJ,1,573,412,0.252
NCP(SP),HOME AFFAIRS,3,1051,704,0.241
AAP,STATISTICS AND PROGRAMME IMPLEMENTATION,1,314,790,0.239
JSP,PETROLEUM AND NATURAL GAS,1,1138,222,0.235
SAD,RAILWAYS,1,2900,87,0.235
JMM,COMMERCE AND INDUSTRY,1,1356,192,0.228
VCK,CHEMICALS AND FERTILIZERS,1,1235,215,0.224
JD(U),MINORITY AFFAIRS,2,535,1018,0.218
CPI(M),NEW AND RENEWABLE ENERGY,4,995,1102,0.217
NOM.,ELECTRONICS AND INFORMATION TECHNOLOGY,1,971,285,0.215
KC(M),ROAD TRANSPORT AND HIGHWAYS,1,2061,135,0.213
IUML,MINES,1,429,682,0.203
BAP,CIVIL AVIATION,1,2129,138,0.202
AIADMK,MINES,1,429,697,0.199
AIADMK,SCIENCE AND TECHNOLOGY,1,430,697,0.198
SS,MINORITY AFFAIRS,2,535,1132,0.196
RJD,"MICRO, SMALL AND MEDIUM ENTERPRISES",2,1131,537,0.196
DMK,DEVELOPMENT OF NORTH EASTERN REGION,2,176,3537,0.191
BRS,CULTURE,1,1069,296,0.188
CPI,FOOD PROCESSING INDUSTRIES,1,770,412,0.187
NOM.,COMMUNICATIONS,1,1120,285,0.186
AAP,MINES,1,429,790,0.175
NCP(SP),EXTERNAL AFFAIRS,2,1026,704,0.164
CPI(M),STEEL,1,334,1102,0.161
SS,COAL,2,661,1132,0.159
INC,PARLIAMENTARY AFFAIRS,2,67,11184,0.158
TDP,DEVELOPMENT OF NORTH EASTERN REGION,1,176,2178,0.155
AIADMK,PANCHAYATI RAJ,1,573,697,0.149
JSP,"ENVIRONMENT, FOREST AND CLIMATE CHANGE",1,1809,222,0.148
SP,DEVELOPMENT OF NORTH EASTERN REGION,1,176,2331,0.145
NCP,FINANCE,1,2253,205,0.129
IUML,COOPERATION,1,731,682,0.119
SP,SPACE,1,238,2331,0.107
CPI,JAL SHAKTI,1,1997,412,0.072
