party,AGRICULTURE AND FARMERS WELFARE,ATOMIC ENERGY,AYUSH,CHEMICALS AND FERTILIZERS,CIVIL AVIATION,COAL,COMMERCE AND INDUSTRY,COMMUNICATION,COMMUNICATIONS,"CONSUMER AFFAIRS, FOOD AND PUBLIC DISTRIBUTION",COOPERATION,CORPORATE AFFAIRS,CULTURE,DEFENCE,DEVELOPMENT OF NORTH EASTERN REGION,EARTH SCIENCES,EDUCATION,ELECTRONICS AND INFORMATION TECHNOLOGY,"ENVIRONMENT, FOREST AND CLIMATE CHANGE",EXTERNAL AFFAIRS,FINANCE,"FISHERIES, ANIMAL HUSBANDRY AND DAIRYING",FOOD PROCESSING INDUSTRIES,HEALTH AND FAMILY WELFARE,HEAVY INDUSTRIES,HOME AFFAIRS,HOUSING AND URBAN AFFAIRS,INFORMATION AND BROADCASTING,JAL SHAKTI,LABOUR AND EMPLOYMENT,LAW & JUSTICE,LAW AND JUSTICE,"MICRO, SMALL AND MEDIUM ENTERPRISES",MINES,MINORITY AFFAIRS,NEW AND RENEWABLE ENERGY,PANCHAYATI RAJ,PARLIAMENTARY AFFAIRS,"PERSONNEL, PUBLIC GRIEVANCES AND PENSIONS","PERSONNEL,PUBLIC GRIEVANCES AND PENSIONS",PETROLEUM AND NATURAL GAS,PLANNING,"PORTS, SHIPPING AND WATERWAYS",POWER,PRIME MINISTER,RAILWAYS,ROAD TRANSPORT & HIGH WAYS,ROAD TRANSPORT AND HIGHWAYS,RURAL DEVELOPMENT,SCIENCE AND TECHNOLOGY,SKILL DEVELOPMENT AND ENTREPRENEURSHIP,SOCIAL JUSTICE AND EMPOWERMENT,SPACE,STATISTICS AND PROGRAMME IMPLEMENTATION,STEEL,TEXTILES,TOURISM,TRIBAL AFFAIRS,WOMEN AND CHILD DEVELOPMENT,YOUTH AFFAIRS AND SPORTS
INC,544,66,151,220,412,128,286,78,110,248,67,128,171,44,27,81,548,182,418,216,466,180,126,770,59,210,297,73,402,311,60,110,174,83,100,150,101,2,25,37,209,32,127,132,0,616,115,347,310,56,138,235,33,49,49,116,164,165,251,179
BJP,952,202,558,464,787,306,470,116,337,528,459,328,470,62,102,183,883,331,603,273,703,371,361,1209,201,465,722,201,764,524,173,157,440,212,156,469,270,49,49,70,440,97,309,364,0,982,339,367,500,231,389,386,111,137,171,303,519,320,452,484
NCP(SP),57,3,27,21,22,8,18,5,7,24,7,10,10,0,0,7,36,16,18,2,19,9,10,38,5,3,17,4,22,21,4,2,20,2,8,8,8,1,3,0,4,1,6,9,0,38,7,26,15,0,17,8,1,2,4,7,12,11,21,13
TDP,119,16,25,51,25,8,59,13,23,35,12,20,31,6,1,16,112,62,60,16,71,80,36,133,13,24,70,13,70,42,10,23,87,17,13,62,13,1,0,0,32,20,73,26,0,76,5,62,35,30,60,44,16,3,9,36,46,41,46,30
DMK,136,21,50,65,146,26,108,29,50,76,35,33,88,12,2,24,164,77,82,85,146,63,52,211,15,48,118,31,94,104,26,43,92,8,34,49,27,0,4,4,74,5,59,47,0,193,44,68,89,26,52,70,16,18,18,52,51,33,71,73
IUML,30,2,10,6,27,3,15,4,9,16,1,4,15,0,0,5,42,14,19,25,30,21,8,46,0,11,20,12,11,16,8,6,19,1,21,10,2,1,1,2,17,0,5,3,0,38,12,13,9,0,15,13,0,3,1,7,17,13,11,12
IND.,28,7,14,22,45,7,18,8,6,22,16,11,15,1,5,4,38,37,54,21,33,19,4,54,9,24,21,6,37,18,5,8,22,8,5,23,12,2,4,2,13,4,13,23,0,39,16,22,21,6,17,10,9,9,3,6,17,13,18,17
SS,76,15,24,29,46,2,21,10,13,22,7,10,20,4,0,13,53,18,35,14,36,14,11,70,9,17,47,8,36,39,1,13,20,3,2,22,13,0,5,0,8,6,19,16,0,76,4,46,30,5,21,18,4,4,2,14,14,12,22,13
SKM,2,0,0,1,2,0,1,1,0,0,0,0,2,0,1,2,3,2,3,0,1,0,1,0,0,0,0,0,0,1,0,1,0,0,1,1,0,0,0,0,0,0,0,1,0,1,0,3,1,1,1,0,0,0,0,1,3,2,2,2
SP,164,10,24,64,46,20,34,5,22,52,20,30,23,13,1,6,167,27,46,38,119,29,38,161,13,21,59,10,116,68,14,28,42,10,41,34,29,1,10,15,63,19,10,41,0,143,3,67,65,12,29,33,1,13,12,21,25,16,58,30
AITC,93,5,19,39,118,17,63,9,36,48,16,38,39,4,12,8,132,50,98,84,166,46,19,163,17,65,88,42,82,93,14,26,39,22,39,21,7,0,12,10,43,9,15,27,0,125,25,57,67,9,22,38,9,20,13,20,26,22,67,31
CPI(M),46,5,11,19,56,7,25,4,18,33,4,19,10,4,1,6,70,11,41,40,87,10,6,55,4,13,27,10,21,42,9,8,13,4,27,4,7,0,2,5,37,2,10,13,0,76,21,18,27,4,5,24,3,8,1,9,11,10,30,9
AGP,0,0,0,0,2,1,5,0,0,0,0,1,0,0,2,0,3,5,4,0,1,0,0,2,0,0,0,0,3,2,0,0,1,0,0,1,0,0,0,0,3,0,0,0,0,12,3,1,0,0,2,0,0,0,0,0,3,3,0,1
JD(U),51,5,17,24,36,12,26,7,12,26,9,13,21,2,0,5,58,9,13,22,43,23,10,68,5,17,24,4,37,20,5,9,10,4,2,8,8,2,1,1,25,7,14,12,0,79,9,41,25,7,13,15,4,3,6,14,27,11,27,10
LJSP(RV),10,3,3,8,6,1,6,2,4,10,3,3,6,4,0,2,11,4,8,3,7,8,3,14,1,2,5,0,14,8,0,4,3,2,3,8,4,0,0,0,4,1,5,7,0,13,0,8,8,1,6,7,0,2,2,5,4,6,7,7
VCK,10,3,4,1,6,1,4,2,1,3,1,2,5,0,1,1,13,4,2,2,10,5,3,19,3,3,3,3,9,5,0,2,4,1,4,1,4,1,2,0,10,1,1,3,0,5,0,4,5,2,1,9,3,3,1,1,6,3,8,1
JSP,18,4,3,6,4,0,8,1,2,7,3,2,3,1,0,5,13,4,1,5,10,5,3,13,1,3,11,1,5,4,0,3,2,2,1,6,2,0,0,0,1,2,2,3,0,4,0,7,4,2,4,1,1,0,3,1,7,9,5,4
RLP,13,1,3,5,4,3,5,1,1,4,0,1,2,1,0,1,2,1,4,1,13,0,2,7,1,2,4,1,5,3,0,2,0,6,0,2,2,0,0,0,3,1,0,3,0,6,0,7,0,1,0,4,0,2,0,2,2,2,6,3
KEC,2,0,0,2,1,0,7,1,0,1,0,0,0,0,0,0,2,1,2,1,6,1,0,5,0,0,0,0,3,1,0,0,1,0,0,0,0,0,0,0,2,0,1,0,0,4,0,2,0,2,2,2,0,0,0,0,1,0,0,0
MDMK,6,0,2,2,8,0,6,0,1,2,0,2,8,0,0,0,6,3,2,2,7,1,4,7,7,1,4,0,0,5,2,1,5,0,0,1,0,0,1,0,2,1,1,0,0,20,4,7,2,0,3,1,0,1,0,3,3,0,3,3
AIMIM,3,1,0,0,5,2,5,0,0,1,0,1,2,1,0,1,5,4,3,4,7,1,0,10,0,7,5,0,3,6,0,1,2,2,4,1,0,1,0,0,0,0,0,0,0,3,0,6,3,0,1,2,0,3,1,2,1,3,1,0
AJSU,1,0,0,0,1,5,2,0,0,0,1,1,0,0,0,0,4,0,3,2,1,0,0,5,0,0,1,0,2,2,0,0,1,2,2,1,1,0,0,0,2,1,0,3,0,3,0,3,2,0,0,1,0,0,1,0,1,4,1,3
ASP (KR),2,0,3,0,1,0,3,0,1,1,0,0,0,0,0,0,5,1,1,1,3,0,2,6,0,2,6,0,1,4,0,5,2,0,2,1,0,0,6,0,1,0,0,1,0,3,0,2,4,0,1,5,0,1,0,1,1,1,4,1
AAP,37,4,17,20,34,14,18,2,10,17,10,7,6,2,4,5,37,10,34,25,36,10,14,53,5,8,26,5,37,17,9,5,11,1,7,8,13,1,0,3,5,2,7,10,0,44,18,8,11,8,5,17,5,1,8,12,12,4,13,18
UPPL,2,0,0,2,2,1,2,0,2,3,0,0,1,0,8,1,4,0,4,3,2,0,0,10,0,5,4,0,8,5,0,0,0,1,0,8,2,0,0,0,1,0,1,3,0,3,3,2,5,0,1,3,0,1,0,2,4,4,4,2
SHS(UBT),29,7,5,12,32,7,18,3,13,12,5,9,10,1,0,7,30,10,26,24,26,10,4,49,3,20,32,6,19,17,4,8,9,2,4,10,4,1,2,2,13,0,7,11,0,54,10,18,11,5,9,8,1,1,1,4,10,3,17,11
YSRCP,75,26,25,44,48,19,33,10,36,23,21,12,9,3,1,14,77,37,46,9,48,36,8,66,10,16,60,8,30,30,13,2,30,5,7,20,13,2,2,4,24,6,31,14,0,33,26,22,16,7,14,11,11,3,6,6,18,15,19,11
JD(S),1,0,3,1,1,0,0,0,4,0,0,1,0,0,0,0,2,0,0,0,0,1,1,0,0,0,1,0,2,3,0,0,0,1,0,0,1,0,0,0,0,0,0,1,0,0,0,0,3,0,0,1,0,0,0,0,0,0,1,1
BAP,3,2,2,2,1,2,3,2,2,1,3,3,3,2,0,0,4,0,3,4,5,2,0,6,0,2,0,0,4,5,0,6,3,2,1,2,2,0,2,0,2,1,0,2,0,8,0,4,6,0,0,4,0,1,0,1,1,14,7,3
RJD,28,0,9,11,25,2,10,0,7,10,0,6,11,3,0,1,38,8,17,6,21,5,6,43,1,8,18,5,22,22,14,1,2,3,5,8,4,0,0,8,10,3,3,4,0,36,12,9,19,1,4,15,0,4,2,6,6,3,9,3
CPI,25,4,5,10,19,2,14,3,2,9,2,6,5,2,1,0,32,2,11,16,28,8,1,37,4,7,9,2,1,27,1,1,7,0,7,7,1,0,0,1,9,6,7,6,0,15,3,5,11,3,3,6,0,6,0,3,3,0,5,2
J&KNC,4,0,0,0,1,0,1,0,1,0,0,0,0,3,0,0,5,0,2,4,3,0,0,9,0,2,3,1,4,2,0,0,0,1,0,1,0,0,0,0,0,0,0,8,0,8,10,3,0,0,0,6,0,0,0,0,3,2,0,2
JMM,9,1,7,2,6,5,1,2,4,4,1,3,5,0,1,1,10,2,5,2,4,1,0,15,2,4,4,1,6,7,0,1,3,3,2,3,1,0,0,0,1,0,0,1,0,10,1,3,11,1,2,3,0,1,5,2,1,12,9,1
RLD,4,1,7,5,2,2,1,1,0,4,1,1,7,0,0,1,3,3,4,1,0,1,3,11,2,1,2,0,8,2,0,1,1,0,1,1,3,1,0,0,3,0,0,2,0,6,0,3,4,1,0,2,0,0,0,2,4,0,1,3
RSP,7,1,4,0,1,0,4,0,1,5,0,0,0,0,0,0,5,0,1,2,9,5,1,8,1,0,1,0,5,8,0,2,2,0,1,0,0,0,0,0,2,0,1,0,0,6,0,10,2,1,1,2,1,1,0,3,1,0,3,0
CPI(ML)(L),10,0,5,0,3,2,2,1,0,5,0,3,1,1,0,1,8,1,10,7,6,5,0,11,1,4,6,2,9,11,0,3,3,1,5,3,0,0,1,0,2,1,0,1,0,13,0,8,5,1,2,9,1,3,0,4,3,6,8,2
SAD,8,0,0,0,1,0,1,0,0,9,0,0,0,0,0,0,7,0,5,6,3,0,0,12,0,3,2,0,10,2,0,2,0,0,2,2,0,0,0,0,0,0,0,1,0,1,0,1,3,0,0,1,0,0,0,1,0,0,2,2
ZPM,0,0,0,0,0,0,0,0,1,2,0,0,0,0,0,0,0,0,0,0,3,0,0,0,0,0,1,0,0,0,0,0,0,0,0,0,0,0,0,0,1,1,0,1,0,1,0,1,3,0,0,0,0,0,0,0,0,1,0,0
NCP,8,1,2,8,7,1,5,0,3,6,1,1,2,1,0,0,11,1,10,1,1,2,5,19,2,0,7,0,10,11,1,0,6,0,0,9,4,0,0,2,4,2,6,4,0,11,4,0,2,1,4,0,0,0,0,6,5,0,6,2
Unknown,5,2,2,0,4,2,3,5,0,0,0,1,3,2,3,1,5,1,6,1,3,1,5,12,0,2,4,2,5,5,0,1,3,3,3,1,2,0,1,0,2,0,2,4,0,3,0,5,4,0,2,7,0,0,1,1,3,4,4,1
BJD,54,5,55,28,63,26,15,0,27,24,11,13,27,4,0,9,57,10,43,21,32,14,10,21,4,11,30,6,24,16,37,0,16,10,20,11,8,1,0,4,28,0,14,8,0,35,34,0,15,0,11,12,6,4,10,12,14,18,22,9
DMDK,1,0,0,1,1,0,1,0,1,0,0,0,0,0,0,0,0,0,3,0,0,0,0,3,0,0,1,0,3,1,0,0,1,0,0,0,0,0,0,0,1,0,0,0,0,1,2,0,1,0,0,0,0,0,0,0,1,0,3,0
AIADMK,42,9,22,13,42,10,8,0,22,19,5,6,6,0,1,2,41,9,23,15,19,14,7,45,3,8,37,3,26,24,9,0,12,1,3,9,1,0,0,0,17,0,14,6,0,30,21,0,21,1,13,6,1,3,1,5,10,5,12,15
NOM.,13,2,13,8,6,0,7,0,1,8,5,0,29,3,1,4,25,1,11,2,7,9,3,18,1,3,8,1,14,5,2,0,9,1,0,2,2,0,0,0,9,2,3,2,0,7,4,0,9,1,2,4,0,2,0,3,6,2,3,2
KC(M),8,0,0,4,9,0,7,0,2,5,2,1,0,0,0,6,7,3,5,10,4,7,0,8,0,7,3,0,4,3,1,0,3,2,0,0,0,0,0,0,3,0,1,3,0,5,1,0,3,0,2,0,0,0,0,0,1,0,4,1
MNM,0,1,0,0,0,0,0,0,0,0,0,1,0,0,0,0,0,0,0,0,0,0,0,1,1,0,0,0,1,0,0,0,0,0,0,0,0,0,0,0,0,1,1,1,0,0,2,0,0,0,1,0,1,0,0,0,0,0,0,0
PMK,0,0,1,3,1,2,1,0,0,1,0,0,2,0,0,0,1,1,4,4,1,0,0,1,0,0,0,0,3,0,0,0,0,0,0,0,0,0,0,0,1,0,0,0,0,2,0,0,0,0,0,1,0,0,1,0,0,1,1,0
RLM,2,0,2,0,3,0,0,0,0,1,0,0,0,0,0,1,5,0,1,0,0,0,0,3,0,0,0,0,1,1,0,0,1,0,1,1,0,0,0,0,1,0,0,0,0,2,1,0,0,0,0,1,0,1,0,0,1,0,2,3
BRS,16,2,4,12,10,7,5,0,3,5,3,6,1,0,0,1,17,8,14,4,7,4,3,22,3,2,14,3,4,7,4,0,10,3,1,6,2,0,0,2,5,1,1,3,1,11,16,0,2,4,7,3,0,1,2,5,8,2,5,4
MNF,0,0,0,0,1,0,1,0,0,0,0,0,0,0,1,0,1,0,0,1,0,0,0,1,0,0,1,0,0,0,0,0,0,0,0,0,0,0,0,0,1,0,0,0,0,0,0,0,0,0,0,0,0,0,0,0,0,0,0,0
TMC(M),0,0,0,0,0,0,0,0,0,0,0,0,0,0,0,0,0,1,1,1,0,0,0,0,0,0,0,1,0,0,0,0,0,0,0,0,0,0,0,0,0,0,0,0,0,0,0,0,0,0,0,0,0,0,0,0,0,0,0,0
